dt,Alface Americana - Roça,Alface Crespa - Roça,Alface Lisa - Roça,Alface Americana - Atacado,Alface Crespa - Atacado,PREC_HOR_max,PREC_HOR_min,PREC_HOR_sum,PREC_HOR_mean,PREC_HOR_max_ra4,PREC_HOR_min_ra4,PREC_HOR_sum_ra4,PREC_HOR_mean_ra4,PRES_MIN_ANT_max,PRES_MIN_ANT_min,PRES_MIN_ANT_sum,PRES_MIN_ANT_mean,PRES_MIN_ANT_max_ra4,PRES_MIN_ANT_min_ra4,PRES_MIN_ANT_sum_ra4,PRES_MIN_ANT_mean_ra4,RAD_GLOB_max,RAD_GLOB_min,RAD_GLOB_sum,RAD_GLOB_mean,RAD_GLOB_max_ra4,RAD_GLOB_min_ra4,RAD_GLOB_sum_ra4,RAD_GLOB_mean_ra4,TEMP_AR_HOR_max,TEMP_AR_HOR_min,TEMP_AR_HOR_sum,TEMP_AR_HOR_mean,TEMP_AR_HOR_max_ra4,TEMP_AR_HOR_min_ra4,TEMP_AR_HOR_sum_ra4,TEMP_AR_HOR_mean_ra4,TEMP_ORV_max,TEMP_ORV_min,TEMP_ORV_sum,TEMP_ORV_mean,TEMP_ORV_max_ra4,TEMP_ORV_min_ra4,TEMP_ORV_sum_ra4,TEMP_ORV_mean_ra4,UMID_AR_HOR_max,UMID_AR_HOR_min,UMID_AR_HOR_sum,UMID_AR_HOR_mean,UMID_AR_HOR_max_ra4,UMID_AR_HOR_min_ra4,UMID_AR_HOR_sum_ra4,UMID_AR_HOR_mean_ra4,VENT_DIR_HOR_max,VENT_DIR_HOR_min,VENT_DIR_HOR_sum,VENT_DIR_HOR_mean,VENT_DIR_HOR_max_ra4,VENT_DIR_HOR_min_ra4,VENT_DIR_HOR_sum_ra4,VENT_DIR_HOR_mean_ra4,VENT_VEL_HOR_max,VENT_VEL_HOR_min,VENT_VEL_HOR_sum,VENT_VEL_HOR_mean,VENT_VEL_HOR_max_ra4,VENT_VEL_HOR_min_ra4,VENT_VEL_HOR_sum_ra4,VENT_VEL_HOR_mean_ra4,VENT_VEL_HOR_mean_ra4_shift8,VENT_VEL_HOR_mean_ra4_shift8_diff
2016-06-26 00:00:00+00:00,0.9441666666666668,0.7777777777777778,0.7777777777777778,,,5.8,0.0,16.0,0.09523809523809523,8.3,0.0,36.6,0.21785714285714286,916.7,908.9,153369.4,912.9130952380953,914.45,905.575,152856.25,909.858630952381,2488.2,0.2,75042.66428571429,446.6825255102041,2521.1000000000004,3.474999999999999,76429.38571428572,454.93681972789113,21.2,8.3,2308.5,13.741071428571429,23.049999999999997,8.575,2402.95,14.303273809523809,15.1,7.8,1995.1,11.875595238095238,17.0,6.525,2024.4499999999998,12.050297619047619,98.0,60.0,14992.0,89.23809523809524,97.75,53.25,14677.0,87.36309523809524,357.0,2.0,33054.0,196.75,356.0,2.25,31624.75,188.24255952380952,2.6,0.0,46.5,0.2767857142857143,2.9000000000000004,0.0,52.625,0.3132440476190476,0.24166666666666664,0.09925595238095236
2016-07-03 00:00:00+00:00,0.8470833333333334,0.5880555555555556,0.5880555555555556,,,0.0,0.0,0.0,0.0,3.000000000000001,0.0,15.9,0.09464285714285714,917.0,912.5,153640.8,914.5285714285714,916.6500000000001,908.2,153263.97499999998,912.2855654761904,2552.8,0.1,88481.57142857143,526.6760204081633,2520.05,3.4499999999999993,79974.35357142857,476.037818877551,22.0,9.6,2642.8,15.730952380952383,22.475,7.625,2316.6,13.789285714285715,16.0,8.2,2084.2,12.40595238095238,16.425,5.75,1918.3999999999999,11.419047619047618,96.0,46.0,13782.0,82.03571428571429,97.5,53.75,14578.25,86.77529761904762,354.0,2.0,37074.0,220.67857142857142,354.5,1.5,31354.25,186.63244047619048,1.6,0.0,11.1,0.06607142857142857,2.35,0.0,30.65,0.18244047619047618,0.26488095238095233,0.023214285714285687
2016-07-10 00:00:00+00:00,0.75,0.3983333333333333,0.3983333333333333,,,0.0,0.0,0.0,0.0,1.5000000000000009,0.0,4.1,0.024404761904761905,915.4,907.2,153055.0,911.0416666666666,916.825,909.475,153378.125,912.9650297619048,2558.2,0.0,102804.21098901099,611.9298273155416,2558.7749999999996,3.4499999999999993,94105.4831043956,560.1516851452119,22.6,6.9,2536.7,15.099404761904761,22.025,7.575,2396.425,14.264434523809523,15.2,5.7,1903.0,11.327380952380953,15.399999999999999,5.875,1896.3999999999999,11.288095238095238,97.0,49.0,13326.0,79.32142857142857,97.25,49.75,14046.5,83.61011904761905,305.0,2.0,34160.0,203.33333333333334,341.0,1.75,33965.75,202.17708333333331,3.3,0.0,94.9,0.5648809523809524,2.55,0.0,49.6,0.2952380952380952,0.2995535714285714,0.03467261904761909
2016-07-17 00:00:00+00:00,0.75,0.3888888888888889,0.4261111111111111,,,2.2,0.0,9.4,0.055952380952380955,2.000000000000001,0.0,6.35,0.037797619047619045,910.7,901.3,152331.9,906.7375,914.95,907.4749999999999,153099.275,911.3052083333333,2561.3,0.1,98805.5076923077,588.128021978022,2540.125,0.09999999999999912,91283.48859890111,543.3540988029828,26.7,11.0,2909.8,17.320238095238096,23.125,8.95,2599.45,15.472916666666666,16.6,7.2,2024.1,12.048214285714286,15.725000000000001,7.225,2001.6,11.914285714285715,98.0,31.0,12503.0,74.42261904761905,97.25,46.5,13650.75,81.25446428571428,342.0,4.0,36353.0,216.38690476190476,339.5,2.5,35160.25,209.28720238095238,3.2,0.0,52.4,0.3119047619047619,2.675,0.0,51.225,0.30491071428571426,0.3927083333333333,0.0931547619047619
2016-07-24 00:00:00+00:00,0.7775,0.3705555555555555,0.3705555555555555,,,1.0,0.0,10.4,0.06190476190476191,0.8000000000000009,0.0,4.95,0.029464285714285714,913.3,907.6,152990.9,910.660119047619,914.1,907.1500000000001,153004.65,910.7419642857143,2690.0,0.0,52603.653846153844,313.1169871794872,2590.575,0.049999999999999115,85673.735989011,509.96271422030355,20.6,8.3,2156.4,12.835714285714285,22.975,8.95,2561.425,15.246577380952381,13.2,7.5,1854.4,11.038095238095238,15.25,7.15,1966.425,11.704910714285715,98.0,61.0,15019.0,89.39880952380952,97.25,46.75,13657.5,81.29464285714286,360.0,1.0,26128.0,155.52380952380952,340.25,2.25,33428.75,198.98065476190476,3.3,0.0,38.7,0.23035714285714287,2.85,0.0,49.275,0.29330357142857144,0.3489583333333333,-0.04375000000000001
2016-07-31 00:00:00+00:00,0.6941666666666667,0.3427777777777778,0.3427777777777778,,,0.2,0.0,0.6000000000000001,0.0035714285714285718,0.850000000000001,0.0,5.1000000000000005,0.030357142857142857,915.0,906.9,153121.7,911.4386904761906,913.5999999999999,905.75,152874.875,909.969494047619,2689.8,1.6,86754.0,516.3928571428571,2624.825,0.42499999999999916,85241.84313186814,507.391923403977,26.1,10.4,2580.4,15.359523809523811,24.000000000000004,9.15,2545.8250000000003,15.15372023809524,15.4,7.5,1918.8,11.42142857142857,15.1,6.975,1925.075,11.458779761904763,97.0,36.0,13368.0,79.57142857142857,97.5,44.25,13554.0,80.67857142857143,347.0,1.0,30293.0,180.3154761904762,338.5,2.0,31733.5,188.88988095238096,3.0,0.0,41.9,0.2494047619047619,3.2,0.0,56.975,0.3391369047619048,0.44508928571428574,0.09613095238095243
2016-08-07 00:00:00+00:00,0.5833333333333334,0.3472222222222222,0.3472222222222222,,,18.0,0.0,66.4,0.3952380952380953,5.350000000000001,0.0,21.700000000000003,0.12916666666666668,914.9,908.3,153116.0,911.4047619047619,913.475,906.025,152890.125,910.0602678571428,2761.8,0.1,92887.38461538461,552.9010989010989,2675.7250000000004,0.4499999999999992,82762.63653846153,492.6347413003663,26.3,10.8,2620.7,15.599404761904761,24.925,10.125,2566.825,15.278720238095238,15.7,9.0,2046.9,12.183928571428572,15.225000000000001,7.800000000000001,1961.05,11.672916666666666,97.0,37.0,13763.0,81.92261904761905,97.5,41.25,13663.25,81.32886904761905,357.0,15.0,32880.0,195.71428571428572,351.5,5.25,31413.5,186.98511904761907,2.5,0.0,38.4,0.22857142857142856,3.0,0.0,42.85,0.2550595238095238,0.40595238095238095,-0.03913690476190479
2016-08-14 00:00:00+00:00,0.5558333333333333,0.2961111111111111,0.3055555555555556,,,1.2,0.0,10.8,0.0642857142857143,5.100000000000001,0.0,22.05,0.13125,911.6,905.3,152657.9,908.6779761904761,913.6999999999999,907.0250000000001,152971.625,910.5453869047619,2981.1,0.4,101342.4,603.2285714285714,2780.675,0.5249999999999991,83396.85961538462,496.40987866300367,24.7,6.9,2462.4,14.657142857142858,24.425,9.100000000000001,2454.9750000000004,14.61294642857143,17.0,6.5,1985.4,11.817857142857143,15.325,7.625,1951.3750000000002,11.61532738095238,99.0,38.0,14224.0,84.66666666666667,97.75,43.0,14093.5,83.88988095238095,357.0,11.0,28420.0,169.16666666666666,355.25,7.0,29430.25,175.18005952380952,2.9,0.0,63.2,0.3761904761904762,2.9250000000000003,0.0,45.55,0.2711309523809524,0.33065476190476195,-0.075297619047619
2016-08-21 00:00:00+00:00,0.61,0.2961111111111111,0.25,,,3.4,0.0,16.0,0.09523809523809523,5.700000000000001,0.0,23.450000000000003,0.13958333333333334,912.2,902.2,152286.8,906.4690476190475,913.4250000000001,905.675,152795.6,909.4976190476191,2852.2,1.0,103549.9923076923,616.3690018315018,2821.225,0.7749999999999991,96133.44423076924,572.2228823260073,26.2,11.0,3123.8,18.594047619047622,25.825000000000003,9.775,2696.825,16.052529761904765,17.3,7.0,2380.1,14.167261904761904,16.35,7.5,2082.8,12.397619047619047,97.0,31.0,12996.0,77.35714285714286,97.5,35.5,13587.75,80.87946428571429,356.0,6.0,36983.0,220.13690476190476,354.25,8.25,32144.0,191.33333333333331,3.8,0.0,113.1,0.6732142857142857,3.05,0.0,64.15,0.38184523809523807,0.3132440476190476,-0.017410714285714335
2016-08-28 00:00:00+00:00,0.5833333333333334,0.2961111111111111,0.315,,,1.4,0.0,10.8,0.0642857142857143,6.000000000000002,0.0,26.0,0.15476190476190477,914.5,907.1,153052.8,911.0285714285714,913.3000000000001,905.725,152778.375,909.3950892857142,3202.8,5.2,124231.19230769231,739.4713827838829,2949.475,1.6749999999999992,105502.74230769232,627.9925137362637,25.5,8.2,2328.3,13.858928571428573,25.674999999999997,9.225000000000001,2633.8,15.677380952380954,12.8,6.7,1677.5,9.985119047619047,15.700000000000001,7.3,2022.475,12.038541666666667,98.0,31.0,13405.0,79.79166666666667,97.75,34.25,13597.0,80.93452380952382,360.0,6.0,31686.0,188.60714285714286,357.5,9.5,32492.25,193.40625,3.0,0.0,44.7,0.26607142857142857,3.05,0.0,64.85,0.3860119047619047,0.18244047619047618,-0.13080357142857144
2016-09-04 00:00:00+00:00,0.4308333333333333,0.25,0.2433333333333333,,,13.0,0.0,52.8,0.3142857142857143,4.750000000000002,0.0,22.6,0.13452380952380952,913.7,906.4,152866.1,909.917261904762,913.0,905.25,152715.9,909.0232142857143,3177.1,0.1,110133.70384615385,655.557760989011,3053.3,1.6749999999999992,109814.32211538462,653.6566792582418,27.3,13.2,3105.9,18.4875,25.925,9.825,2755.1,16.399404761904762,17.3,8.9,2298.3,13.680357142857144,16.1,7.275,2085.325,12.41264880952381,97.0,33.0,12767.0,75.99404761904762,97.75,33.25,13348.0,79.45238095238096,360.0,11.0,35463.0,211.08928571428572,358.25,8.5,33138.0,197.25,3.4,0.0,61.9,0.3684523809523809,3.275,0.0,70.725,0.42098214285714286,0.2952380952380952,0.11279761904761901
2016-09-11 00:00:00+00:00,0.4166666666666667,0.25,0.2316666666666666,,,8.2,0.0,11.0,0.06547619047619048,6.500000000000002,0.0,22.65,0.13482142857142856,915.2,906.6,152950.5,910.4196428571429,913.9000000000001,905.5749999999999,152789.05,909.4586309523809,3299.0,0.9,107582.66153846154,640.3729853479854,3132.7749999999996,1.7999999999999992,111374.3875,662.9427827380953,25.7,13.1,3007.4,17.901190476190475,26.174999999999997,11.375,2891.3500000000004,17.210416666666667,17.8,11.3,2383.9,14.189880952380953,16.3,8.475000000000001,2184.95,13.005654761904763,97.0,42.0,13555.0,80.68452380952381,97.25,34.25,13180.75,78.45684523809524,350.0,8.0,31122.0,185.25,356.5,7.75,33813.5,201.27083333333334,3.5,0.0,40.1,0.2386904761904762,3.425,0.0,64.95,0.38660714285714287,0.30491071428571426,0.009672619047619069
2016-09-18 00:00:00+00:00,0.4483333333333333,0.2572222222222222,0.2711111111111111,,,3.6,0.0,4.8,0.02857142857142857,6.5500000000000025,0.0,19.85,0.1181547619047619,911.6,903.5,152428.6,907.3130952380952,913.75,905.9,152824.5,909.6696428571429,3289.2,0.5,123697.575,736.2950892857143,3242.025,1.6749999999999992,116411.28317307692,692.9243046016484,31.4,13.7,3289.2,19.57857142857143,27.475,12.049999999999999,2932.7000000000003,17.45654761904762,19.8,6.8,2238.5,13.324404761904763,16.925,8.425,2149.55,12.794940476190476,97.0,33.0,11720.0,69.76190476190476,97.25,34.75,12861.75,76.55803571428572,356.0,3.0,31841.0,189.5297619047619,356.5,7.0,32528.0,193.61904761904765,3.2,0.0,110.6,0.6583333333333333,3.2750000000000004,0.0,64.325,0.3828869047619048,0.29330357142857144,-0.011607142857142816
2016-09-25 00:00:00+00:00,0.4725,0.2638888888888889,0.2711111111111111,,,5.2,0.0,43.4,0.2583333333333333,7.500000000000002,0.0,27.999999999999996,0.16666666666666666,912.3,905.1,152605.3,908.3648809523809,913.2,905.4000000000001,152712.625,909.0037202380953,3585.6,1.6,90728.74318181818,540.0520427489178,3337.725,0.7749999999999991,108035.67089160839,643.0694695929071,26.8,9.8,2548.7,15.170833333333333,27.8,12.450000000000001,2987.8,17.78452380952381,18.5,9.3,2234.9,13.30297619047619,18.35,9.075,2288.9,13.624404761904762,98.0,48.0,15044.0,89.54761904761905,97.25,39.0,13271.5,78.99702380952381,360.0,5.0,21283.0,126.68452380952381,356.5,6.75,29927.25,178.13839285714286,3.2,0.0,84.8,0.5047619047619047,3.325,0.0,74.35,0.4425595238095238,0.3391369047619048,0.04583333333333334
2016-10-02 00:00:00+00:00,0.4166666666666667,0.2361111111111111,0.2222222222222222,,,2.6,0.0,37.0,0.22023809523809523,4.900000000000002,0.0,24.049999999999997,0.1431547619047619,912.4,904.2,152611.4,908.4011904761904,912.875,904.85,152648.95,908.6247023809524,3294.0,0.0,51733.00681818182,307.9345643939394,3366.95,0.7499999999999991,93435.49663461538,556.1636704441391,22.2,11.0,2392.5,14.241071428571429,26.525,11.9,2809.45,16.722916666666666,17.9,10.7,2199.7,13.09345238095238,18.5,9.525,2264.25,13.477678571428571,98.0,67.0,15655.0,93.18452380952381,97.5,47.5,13993.5,83.29464285714286,354.0,1.0,20193.0,120.19642857142857,355.0,4.25,26109.75,155.41517857142856,1.5,0.0,19.1,0.1136904761904762,2.85,0.0,63.65,0.3788690476190476,0.2550595238095238,-0.08407738095238099
2016-10-09 00:00:00+00:00,0.4583333333333333,0.25,0.25,,,10.0,0.0,136.0,0.8095238095238095,5.350000000000001,0.0,55.3,0.32916666666666666,911.5,896.6,151911.0,904.2321428571429,911.9499999999999,902.35,152389.075,907.0778273809524,3318.7,0.0,67437.625,401.4144345238095,3371.8749999999995,0.5249999999999991,83399.2375,496.4240327380952,21.3,10.4,2522.2,15.013095238095238,25.425,11.225,2688.1499999999996,16.000892857142855,17.4,10.1,2304.3,13.71607142857143,18.4,9.225,2244.3500000000004,13.35922619047619,98.0,63.0,15513.0,92.33928571428571,97.75,52.75,14483.0,86.20833333333334,359.0,1.0,29686.0,176.70238095238096,357.25,2.5,25750.75,153.2782738095238,2.2,0.0,68.6,0.4083333333333333,2.5250000000000004,0.0,70.775,0.4212797619047619,0.2711309523809524,0.016071428571428625
2016-10-16 00:00:00+00:00,0.4725,0.2316666666666666,0.315,,,7.0,0.0,25.2,0.15,6.200000000000001,0.0,60.39999999999999,0.35952380952380947,913.4,904.4,152691.1,908.8755952380952,912.4,902.575,152454.7,907.4684523809524,3676.4,10.75,103236.875,614.5052083333334,3468.675,3.087499999999999,78284.0625,465.9765625,26.9,13.5,3192.3,19.001785714285717,24.3,11.175,2663.925,15.85669642857143,19.4,13.0,2582.3,15.370833333333334,18.3,10.775,2330.3,13.870833333333334,97.0,51.0,13547.0,80.63690476190476,97.75,57.25,14939.75,88.92708333333334,356.0,27.0,36544.0,217.52380952380952,357.25,8.5,26926.5,160.27678571428572,3.6,0.0,123.0,0.7321428571428571,2.625,0.0,73.875,0.4397321428571429,0.38184523809523807,0.11071428571428565
2016-10-23 00:00:00+00:00,0.4725,0.2405555555555555,0.3516666666666667,,,7.0,0.0,65.0,0.3869047619047619,6.650000000000002,0.0,65.8,0.3916666666666666,911.0,901.1,152190.3,905.8946428571428,912.075,901.5749999999999,152350.94999999998,906.8508928571428,3669.9,0.0,116579.375,693.9248511904761,3489.75,2.687499999999999,84746.72045454546,504.4447646103896,31.0,15.1,3473.0,20.672619047619047,25.35,12.5,2895.0,17.232142857142858,22.3,14.7,2998.1,17.84583333333333,19.25,12.124999999999998,2521.1,15.00654761904762,98.0,42.0,14336.0,85.33333333333333,97.75,55.75,14762.75,87.87351190476191,355.0,3.0,26108.0,155.4047619047619,356.0,8.0,28132.75,167.45684523809524,2.2,0.0,36.6,0.21785714285714286,2.375,0.0,61.824999999999996,0.3680059523809524,0.3860119047619047,0.004166666666666652
2016-10-30 00:00:00+00:00,0.5275,0.315,0.3794444444444445,,,12.4,0.0,55.2,0.32857142857142857,9.100000000000001,0.0,70.35,0.41875,913.5,896.5,152247.5,906.235119047619,912.35,899.65,152259.975,906.309375,3528.0,0.1,77410.7,460.7779761904762,3548.25,2.712499999999999,91166.14374999999,542.6556175595238,26.7,11.6,3037.8,18.08214285714286,26.475,12.649999999999999,3056.325,18.192410714285714,19.0,11.2,2660.7,15.837499999999999,19.525,12.25,2636.35,15.692559523809525,98.0,55.0,14735.0,87.70833333333333,97.75,52.75,14532.75,86.50446428571428,359.0,2.0,29171.0,173.63690476190476,357.25,8.25,30377.25,180.81696428571428,3.4,0.0,84.6,0.5035714285714286,2.85,0.0,78.19999999999999,0.4654761904761905,0.42098214285714286,0.03497023809523814
2016-11-06 00:00:00+00:00,0.625,0.3415,0.3299999999999999,,,6.2,0.0,99.6,0.5928571428571429,8.150000000000002,0.0,61.25,0.3645833333333333,913.9,905.1,152782.0,909.4166666666666,912.95,901.7750000000001,152477.725,907.6055059523809,3814.6,0.0,108552.85,646.1479166666667,3672.2250000000004,2.712499999999999,101444.95,603.8389880952382,26.6,13.0,3112.3,18.52559523809524,27.8,13.3,3203.85,19.070535714285715,18.8,11.8,2480.4,14.764285714285714,19.875,12.674999999999999,2680.375,15.954613095238095,97.0,42.0,13563.0,80.73214285714286,97.5,47.5,14045.25,83.60267857142857,355.0,5.0,30929.0,184.10119047619048,356.25,9.25,30688.0,182.66666666666666,3.0,0.0,136.3,0.8113095238095239,3.05,0.0,95.125,0.5662202380952381,0.38660714285714287,-0.03437499999999999
2016-11-13 00:00:00+00:00,0.5625,0.2638888888888889,0.3238888888888889,,,42.2,0.0,253.0,1.505952380952381,16.950000000000003,0.0,118.2,0.7035714285714285,909.5,901.3,152099.7,905.3553571428572,911.975,901.0,152329.875,906.7254464285714,3928.6,0.6,120668.925,718.2674107142857,3735.2749999999996,0.1749999999999991,105802.9625,629.7795386904761,27.9,15.6,3290.6,19.586904761904762,28.049999999999997,13.825,3228.425,19.216815476190476,20.8,12.3,2719.0,16.18452380952381,20.225,12.5,2714.55,16.158035714285713,97.0,53.0,13733.0,81.74404761904762,97.5,48.0,14091.75,83.87946428571428,352.0,8.0,37144.0,221.0952380952381,355.25,4.5,30838.0,183.5595238095238,3.6,0.0,103.7,0.6172619047619048,3.05,0.0,90.3,0.5375,0.3828869047619048,-0.003720238095238082
2016-11-20 00:00:00+00:00,0.4791666666666667,0.2394444444444444,0.3055555555555556,,,25.0,0.0,142.20000000000002,0.8464285714285715,21.450000000000003,0.0,137.5,0.8184523809523809,907.3,895.0,151404.0,901.2142857142857,911.05,899.475,152133.3,905.555357142857,3670.4,0.0,87503.62954545455,520.8549377705627,3735.3999999999996,0.1749999999999991,98534.02613636364,586.5120603354978,25.6,8.0,2857.1,17.00654761904762,26.7,12.049999999999999,3074.45,18.30029761904762,20.9,7.6,2609.7,15.53392857142857,19.875,10.725000000000001,2617.45,15.580059523809522,98.0,64.0,15359.0,91.42261904761905,97.5,53.5,14347.5,85.40178571428572,353.0,5.0,26421.0,157.26785714285714,354.75,5.0,30916.25,184.0252976190476,2.1,0.0,83.2,0.49523809523809526,3.0250000000000004,0.0,101.94999999999999,0.6068452380952382,0.4425595238095238,0.059672619047619
2016-11-27 00:00:00+00:00,0.5625,0.2777777777777778,0.2777777777777778,,,1.4,0.0,4.4,0.02619047619047619,18.700000000000003,0.0,124.8,0.7428571428571429,909.5,902.3,152221.3,906.0791666666667,910.05,900.925,152126.75,905.516369047619,3875.4,0.0,111087.59090909091,661.2356601731602,3822.25,0.1499999999999991,106953.24886363636,636.6264813311689,26.0,11.7,3064.6,18.241666666666667,26.525,12.075,3081.15,18.340178571428574,20.2,10.7,2681.7,15.962499999999999,20.175,10.6,2622.7,15.611309523809522,98.0,57.0,14661.0,87.26785714285714,97.5,54.0,14329.0,85.29166666666667,349.0,5.0,29179.0,173.6845238095238,352.25,5.75,30918.25,184.03720238095238,2.7,0.0,53.5,0.31845238095238093,2.85,0.0,94.17500000000001,0.5605654761904763,0.3788690476190476,-0.06369047619047619
2016-12-04 00:00:00+00:00,0.6108333333333333,0.3472222222222222,0.3844444444444444,,,13.4,0.0,160.8,0.9571428571428572,20.500000000000004,0.0,140.10000000000002,0.8339285714285716,911.6,897.3,152184.4,905.8595238095238,909.4749999999999,898.9749999999999,151977.34999999998,904.6270833333333,3876.8,0.5,86219.1909090909,513.2094696969697,3837.8,0.27499999999999913,101369.83409090909,603.3918695887446,27.7,12.0,3097.9,18.439880952380953,26.8,11.825,3077.55,18.31875,21.2,11.5,2760.1,16.429166666666667,20.775,10.525,2692.625,16.02752976190476,98.0,56.0,14925.0,88.83928571428571,97.75,57.5,14669.5,87.31845238095238,357.0,2.0,28204.0,167.88095238095238,352.75,5.0,30237.0,179.98214285714286,3.4,0.0,99.5,0.5922619047619048,2.95,0.0,84.975,0.5058035714285715,0.4212797619047619,0.0424107142857143
2016-12-11 00:00:00+00:00,0.6358333333333334,0.4166666666666667,0.3888888888888889,,,22.4,0.0,72.8,0.4333333333333333,15.55,0.0,95.05000000000001,0.5657738095238095,905.0,897.6,151526.1,901.9410714285715,908.3499999999999,898.05,151833.95,903.7735119047619,4126.8,0.4,137489.58636363636,818.3903950216451,3887.3500000000004,0.22499999999999912,105574.99943181819,628.4226156655844,28.4,13.7,3336.6,19.860714285714284,26.925,11.35,3089.0499999999997,18.38720238095238,22.2,13.1,2946.2,17.53690476190476,21.125,10.725,2749.4249999999997,16.365624999999998,98.0,49.0,14707.0,87.54166666666667,98.0,56.5,14913.0,88.76785714285714,358.0,2.0,31138.0,185.3452380952381,354.25,3.5,28735.5,171.04464285714286,1.3,0.0,23.400000000000002,0.1392857142857143,2.375,0.0,64.9,0.38630952380952377,0.4397321428571429,0.018452380952380998
2016-12-18 00:00:00+00:00,0.7225,0.3544444444444444,0.435,,,32.6,0.0,304.0,1.8095238095238095,17.450000000000003,0.0,135.5,0.8065476190476191,914.5,898.8,152327.4,906.7107142857143,910.1500000000001,899.0,152064.8,905.147619047619,3815.5,0.0,85919.38636363637,511.42491883116884,3923.625,0.22499999999999912,105178.93863636363,626.065110930736,28.0,12.4,3112.7,18.52797619047619,27.525,12.45,3152.95,18.767559523809524,22.4,11.3,2856.0,17.0,21.5,11.649999999999999,2811.0,16.732142857142858,98.0,63.0,15338.0,91.29761904761905,98.0,56.25,14907.75,88.73660714285714,360.0,2.0,29511.0,175.66071428571428,356.0,2.75,29508.0,175.6428571428571,2.3,0.0,58.0,0.34523809523809523,2.425,0.0,58.6,0.3488095238095238,0.3680059523809524,-0.0717261904761905
2016-12-25 00:00:00+00:00,0.6947222222222222,0.35907407407407405,0.4103703703703704,,,6.8,0.0,8.8,0.05238095238095238,18.8,0.0,136.6,0.8130952380952381,909.5,903.6,152310.6,906.6107142857143,910.1500000000001,899.3249999999999,152087.125,905.280505952381,3966.8,5.5,164981.53181818183,982.0329274891776,3946.4750000000004,1.5999999999999992,118652.42386363637,706.2644277597403,28.3,15.3,3617.5,21.532738095238095,28.1,13.35,3291.175,19.59032738095238,21.1,13.4,2813.6,16.747619047619047,21.724999999999998,12.325,2843.975,16.92842261904762,97.0,42.0,12724.0,75.73809523809524,97.75,52.5,14423.5,85.85416666666666,358.0,3.0,36902.0,219.6547619047619,358.25,2.25,31438.75,187.13541666666666,3.2,0.0,132.4,0.7880952380952382,2.55,0.0,78.325,0.4662202380952381,0.4654761904761905,0.09747023809523808
2017-01-01 00:00:00+00:00,0.6669444444444445,0.36370370370370364,0.3857407407407407,,,16.4,0.0,35.4,0.21071428571428572,19.550000000000004,0.0,105.24999999999999,0.6264880952380952,907.9,903.0,152158.5,905.7053571428571,909.2249999999999,900.75,152080.65,905.2419642857142,4108.5,5.5,170271.07272727272,1013.51829004329,4004.4000000000005,2.849999999999999,139665.39431818182,831.3416328463204,30.6,17.4,3882.0,23.107142857142858,28.825,14.7,3487.2,20.757142857142856,22.2,15.5,3129.5,18.62797619047619,21.974999999999998,13.325,2936.325,17.478125,97.0,42.0,13068.0,77.78571428571429,97.5,49.0,13959.25,83.09077380952381,359.0,8.0,32233.0,191.86309523809524,358.75,3.75,32446.0,193.13095238095238,2.6,0.0,45.7,0.27202380952380956,2.35,0.0,64.875,0.3861607142857143,0.5662202380952381,0.10074404761904765
2017-01-08 00:00:00+00:00,0.6391666666666667,0.3683333333333333,0.3611111111111111,,,26.2,0.0,159.6,0.95,20.5,0.0,126.95,0.755654761904762,908.3,903.2,152164.4,905.7404761904761,910.05,902.1500000000001,152240.225,906.1918154761904,3678.4,0.2,129331.7590909091,769.8318993506493,3892.3,2.799999999999999,137625.9375,819.2020089285714,28.9,16.2,3638.3,21.656547619047622,28.950000000000003,15.325,3562.625,21.20610119047619,22.6,15.7,3159.6,18.807142857142857,22.075000000000003,13.975,2989.675,17.795684523809523,97.0,52.0,14316.0,85.21428571428571,97.25,49.75,13861.5,82.50892857142857,355.0,22.0,35166.0,209.32142857142858,358.0,8.75,33453.0,199.125,3.3,0.0,42.6,0.25357142857142856,2.85,0.0,69.675,0.4147321428571429,0.5375,-0.02872023809523816
2017-01-15 00:00:00+00:00,0.6525,0.4027777777777778,0.3427777777777778,,,10.8,0.0,82.6,0.49166666666666664,15.050000000000004,0.0,71.6,0.4261904761904762,905.6,900.7,151771.5,903.4017857142857,907.8249999999999,902.625,152101.25,905.3645833333334,4155.7,4.2,107240.92727272728,638.3388528138528,3977.35,3.849999999999999,142956.32272727275,850.9304924242424,30.1,16.3,3545.5,21.104166666666668,29.475,16.299999999999997,3670.825,21.85014880952381,21.6,15.3,3142.1,18.70297619047619,21.875,14.975000000000001,3061.2,18.221428571428568,97.0,48.0,14660.0,87.26190476190476,97.0,46.0,13692.0,81.5,341.0,4.0,34047.0,202.66071428571428,353.25,9.25,34587.0,205.875,2.5,0.0,29.5,0.17559523809523808,2.9,0.0,62.550000000000004,0.3723214285714286,0.6068452380952382,0.06934523809523818
2017-01-22 00:00:00+00:00,0.6108333333333333,0.2777777777777778,0.2961111111111111,,,3.6,0.0,12.4,0.07380952380952381,14.250000000000004,0.0,72.5,0.431547619047619,909.5,902.3,152170.4,905.7761904761904,907.825,902.3,152066.2,905.1559523809524,4060.4,3.8,145672.08181818182,867.0957251082251,4000.7499999999995,3.424999999999999,138128.96022727274,822.1961918290043,28.5,16.3,3609.9,21.4875,29.525,16.55,3668.925,21.838839285714286,21.0,13.0,2891.2,17.20952380952381,21.85,14.875,3080.6,18.336904761904762,97.0,43.0,13139.0,78.20833333333333,97.0,46.25,13795.75,82.11755952380952,356.0,3.0,36983.0,220.13690476190476,352.75,9.25,34607.25,205.99553571428572,3.4,0.0,122.0,0.7261904761904762,2.9499999999999997,0.0,59.95,0.3568452380952381,0.5605654761904763,-0.04627976190476191
2017-01-29 00:00:00+00:00,0.6941666666666667,0.3238888888888889,0.315,,,3.8,0.0,6.2,0.036904761904761905,11.100000000000003,0.0,65.2,0.3880952380952381,911.4,904.4,152462.2,907.5130952380953,908.7,902.65,152142.125,905.6078869047619,4050.9,1.6,159535.23636363636,949.6145021645021,3986.3500000000004,2.4499999999999993,135445.00113636363,806.2202448593074,29.7,18.3,3855.1,22.94702380952381,29.3,16.775,3662.2,21.798809523809524,20.9,10.6,2960.0,17.61904761904762,21.525,13.649999999999999,3038.225,18.08467261904762,95.0,33.0,12362.0,73.58333333333333,96.5,44.0,13619.25,81.06696428571428,357.0,11.0,36473.0,217.10119047619048,352.25,10.0,35667.25,212.30505952380952,2.3,0.0,67.0,0.39880952380952384,2.875,0.0,65.275,0.3885416666666667,0.5058035714285715,-0.05476190476190479
2017-02-05 00:00:00+00:00,0.7775,0.4538888888888889,0.4027777777777778,,,24.6,0.0,93.0,0.5535714285714286,10.700000000000003,0.0,48.55,0.2889880952380952,911.0,902.0,152215.2,906.0428571428572,909.375,902.3499999999999,152154.825,905.6834821428572,3431.0,0.0,121547.45681818182,723.4967667748917,3924.5,2.3999999999999995,133498.92556818182,794.6364617153679,26.0,15.6,3501.8,20.844047619047622,28.575000000000003,16.625,3628.0750000000003,21.595684523809528,20.6,12.6,2932.2,17.45357142857143,21.025,12.875,2981.375,17.74627976190476,97.0,53.0,13785.0,82.05357142857143,96.5,44.25,13486.5,80.27678571428571,344.0,19.0,37076.0,220.6904761904762,349.5,9.25,36144.75,215.14732142857144,2.7,0.0,69.9,0.4160714285714286,2.725,0.0,72.1,0.4291666666666667,0.38630952380952377,-0.1194940476190477
2017-02-12 00:00:00+00:00,0.8333333333333334,0.4583333333333333,0.4677777777777778,,,42.0,0.0,81.0,0.48214285714285715,18.500000000000004,0.0,48.15,0.28660714285714284,907.9,900.9,152033.3,904.960119047619,909.95,902.4,152220.275,906.0730654761904,3686.8,0.1,125776.24318181818,748.6681141774892,3807.275,1.3749999999999991,138132.75454545455,822.218777056277,27.3,16.4,3475.9,20.689880952380953,27.875,16.65,3610.675,21.492113095238096,20.6,13.5,2955.1,17.589880952380952,20.775,12.425,2934.625,17.468005952380953,97.0,45.0,14093.0,83.88690476190476,96.5,43.5,13344.75,79.43303571428571,358.0,4.0,30855.0,183.66071428571428,353.75,9.25,35346.75,210.39732142857144,2.2,0.0,63.7,0.3791666666666667,2.6500000000000004,0.0,80.65,0.4800595238095239,0.3488095238095238,-0.03749999999999998
2017-02-19 00:00:00+00:00,0.75,0.3516666666666667,0.3472222222222222,,,0.0,0.0,0.0,0.0,17.6,0.0,45.05,0.2681547619047619,913.4,904.7,152652.1,908.6434523809525,910.925,903.0,152340.7,906.7898809523809,3880.3,4.4,154391.79090909092,918.9987554112555,3762.25,1.5249999999999992,140312.68181818182,835.1945346320347,29.5,16.4,3647.7,21.7125,28.125,16.675,3620.125,21.548363095238095,20.0,10.4,2774.1,16.5125,20.525,11.775,2905.35,17.29375,94.0,36.0,12388.0,73.73809523809524,95.75,41.75,13157.0,78.31547619047619,358.0,7.0,37487.0,223.13690476190476,354.25,10.25,35472.75,211.14732142857144,3.0,0.0,133.3,0.793452380952381,2.55,0.0,83.47500000000001,0.49687500000000007,0.4662202380952381,0.11741071428571431
2017-02-26 00:00:00+00:00,0.75,0.3516666666666667,0.4027777777777778,,,15.2,0.0,46.8,0.2785714285714286,20.450000000000003,0.0,55.2,0.32857142857142857,911.5,903.8,152441.8,907.3916666666667,910.9499999999999,902.85,152335.6,906.7595238095238,3851.9,0.2,116800.0159090909,695.2381899350648,3712.5,1.1749999999999992,129628.87670454546,771.6004565746753,28.0,16.6,3546.0,21.107142857142858,27.7,16.25,3542.8500000000004,21.088392857142857,20.3,13.9,2897.9,17.249404761904763,20.375,12.600000000000001,2889.825,17.201339285714287,97.0,46.0,13445.0,80.0297619047619,96.25,45.0,13427.75,79.92708333333333,334.0,49.0,38534.0,229.36904761904762,348.5,19.75,35988.0,214.21428571428572,2.5,0.0,54.3,0.3232142857142857,2.6,0.0,80.30000000000001,0.47797619047619055,0.3861607142857143,-0.0800595238095238
2017-03-05 00:00:00+00:00,0.7816666666666667,0.3472222222222222,0.3427777777777778,,,13.6,0.0,39.2,0.23333333333333334,17.700000000000003,0.0,41.75,0.24851190476190477,908.1,900.7,151899.4,904.1630952380953,910.2249999999999,902.5250000000001,152256.65,906.2895833333334,3864.3,0.0,118220.09999999999,703.6910714285714,3820.825,1.1749999999999994,128797.0375,766.6490327380952,28.8,17.7,3732.9,22.21964285714286,28.4,16.775,3600.625,21.432291666666664,21.8,15.5,3083.3,18.35297619047619,20.675,13.325,2927.6,17.426190476190477,97.0,45.0,13424.0,79.9047619047619,96.25,43.0,13337.5,79.38988095238095,356.0,6.0,38353.0,228.29166666666666,351.5,16.5,36307.25,216.11458333333334,2.7,0.0,87.7,0.5220238095238096,2.6,0.0,84.75,0.5044642857142858,0.4147321428571429,0.02857142857142858
2017-03-12 00:00:00+00:00,0.6666666666666666,0.2583333333333333,0.3333333333333333,,,36.8,0.0,127.0,0.7559523809523809,16.400000000000002,0.0,53.25,0.3169642857142857,908.6,902.3,152237.1,906.1732142857143,910.4000000000001,902.875,152307.6,906.5928571428572,3827.8,0.5,114681.925,682.630505952381,3856.0750000000003,1.2749999999999992,126023.45795454545,750.1396306818182,27.3,16.1,3542.1,21.083928571428572,28.4,16.7,3617.175,21.53080357142857,21.0,11.4,3085.1,18.363690476190477,20.775,12.8,2960.1000000000004,17.619642857142857,98.0,45.0,14416.0,85.80952380952381,96.5,43.0,13418.25,79.87053571428571,342.0,6.0,33456.0,199.14285714285714,347.5,17.0,36957.5,219.98511904761904,2.2,0.0,27.2,0.1619047619047619,2.5999999999999996,0.0,75.62500000000001,0.45014880952380953,0.3723214285714286,-0.0424107142857143
2017-03-19 00:00:00+00:00,0.7083333333333334,0.3299999999999999,0.3299999999999999,,,26.2,0.0,143.6,0.8547619047619047,22.950000000000003,0.0,89.15,0.5306547619047619,909.9,904.7,152409.2,907.1976190476191,909.5250000000001,902.875,152246.875,906.2313988095239,3538.6,0.0,92177.59,548.676130952381,3770.6499999999996,0.1749999999999991,110469.90772727272,657.5589745670995,26.9,15.8,3334.2,19.84642857142857,27.75,16.55,3538.7999999999997,21.064285714285713,19.9,12.8,2896.6,17.241666666666667,20.75,13.4,2990.725,17.801934523809525,97.0,49.0,14486.0,86.22619047619048,97.25,46.25,13942.75,82.99255952380952,352.0,2.0,28434.0,169.25,346.0,15.75,34694.25,206.51339285714283,2.4,0.0,27.5,0.1636904761904762,2.45,0.0,49.175000000000004,0.2927083333333333,0.3568452380952381,-0.015476190476190477
2017-03-26 00:00:00+00:00,0.6391666666666667,0.3888888888888889,0.3888888888888889,,,16.0,0.0,77.2,0.45952380952380956,23.150000000000002,0.0,96.75,0.5758928571428572,912.4,904.2,152563.0,908.1130952380952,909.75,902.975,152277.175,906.411755952381,3513.2,0.1,105213.61,626.271488095238,3685.975,0.1499999999999991,107573.30625000001,640.3172991071428,25.5,11.9,2887.6,17.188095238095237,27.125,15.375,3374.2000000000003,20.08452380952381,19.0,11.5,2578.9,15.350595238095238,20.425,12.8,2910.9750000000004,17.327232142857145,98.0,51.0,15066.0,89.67857142857143,97.5,47.5,14348.0,85.40476190476191,359.0,2.0,27401.0,163.10119047619048,352.25,4.0,31911.0,189.94642857142856,2.0,0.0,37.9,0.2255952380952381,2.325,0.0,45.07500000000001,0.2683035714285714,0.3885416666666667,0.03169642857142857
2017-04-02 00:00:00+00:00,0.7400000000000001,0.4516666666666667,0.5486111111111112,,,17.6,0.0,100.8,0.6,24.150000000000002,0.0,112.15,0.6675595238095238,909.9,905.4,152419.6,907.2595238095239,910.1999999999999,904.15,152407.225,907.1858630952381,3354.5,0.0,87665.99230769232,521.8213827838829,3558.525,0.1499999999999991,99934.77932692308,594.8498769459707,20.8,12.4,2709.8,16.129761904761907,25.125,14.05,3118.4249999999997,18.56205357142857,17.3,11.9,2478.0,14.75,19.3,11.900000000000002,2759.6499999999996,16.426488095238096,98.0,72.0,15431.0,91.85119047619048,97.75,54.25,14849.75,88.39136904761905,358.0,1.0,20086.0,119.55952380952381,352.75,2.75,27344.25,162.76339285714286,2.3,0.0,37.2,0.22142857142857145,2.225,0.0,32.45,0.1931547619047619,0.4291666666666667,0.04062500000000002
2017-04-09 00:00:00+00:00,0.7916666666666666,0.3983333333333333,0.5094444444444445,,,34.8,0.0,78.4,0.4666666666666667,23.650000000000002,0.0,100.0,0.5952380952380952,909.1,905.1,152422.4,907.2761904761904,910.3249999999999,904.85,152453.55,907.4616071428571,3494.9,1.9,108676.22307692308,646.8822802197802,3475.2999999999997,0.4999999999999991,98433.35384615386,585.9128205128205,27.7,12.5,3307.9,19.689880952380953,25.224999999999998,13.150000000000002,3059.875,18.213541666666668,20.2,12.1,2853.8,16.986904761904764,19.1,12.075,2701.825,16.08229166666667,98.0,49.0,14353.0,85.43452380952381,97.75,55.25,14834.0,88.29761904761905,360.0,6.0,32181.0,191.55357142857142,357.25,2.75,27025.5,160.86607142857144,2.6,0.0,42.300000000000004,0.25178571428571433,2.325,0.0,36.22500000000001,0.215625,0.4800595238095239,0.050892857142857184
2017-04-16 00:00:00+00:00,0.9433333333333334,0.4227777777777778,0.5222222222222223,,,16.6,0.0,82.2,0.4892857142857143,21.25,0.0,84.64999999999999,0.5038690476190476,910.8,904.5,152519.6,907.854761904762,910.55,904.8,152481.15,907.6258928571428,3181.2,0.6,97745.88076923077,581.8207188644689,3385.95,0.6499999999999991,99825.42653846156,594.1989674908425,25.0,15.7,3111.9,18.523214285714285,24.75,13.125,3004.3,17.882738095238096,19.6,15.3,2856.8,17.004761904761907,19.025,12.700000000000001,2691.875,16.023065476190474,98.0,61.0,15367.0,91.4702380952381,98.0,58.25,15054.25,89.60863095238096,351.0,7.0,27388.0,163.02380952380952,357.0,4.0,26764.0,159.3095238095238,2.5,0.0,40.9,0.24345238095238095,2.3499999999999996,0.0,39.575,0.2355654761904762,0.49687500000000007,0.016815476190476186
2017-04-23 00:00:00+00:00,0.7875,0.5211111111111112,0.5733333333333334,,,19.0,0.0,128.6,0.7654761904761904,22.0,0.0,97.5,0.5803571428571428,911.4,903.8,152450.9,907.4458333333333,910.3,904.7,152453.125,907.4590773809524,3246.7,0.0,81770.74230769232,486.73060897435903,3319.325,0.6249999999999991,93964.70961538462,559.3137477106227,22.5,11.8,2804.1,16.691071428571426,24.0,13.100000000000001,2983.425,17.758482142857144,18.2,11.4,2483.3,14.78154761904762,18.825,12.675,2667.9750000000004,15.880803571428572,98.0,60.0,14964.0,89.07142857142857,98.0,60.5,15028.75,89.45684523809524,360.0,2.0,26906.0,160.1547619047619,357.25,4.0,26640.25,158.57291666666666,2.7,0.0,72.9,0.43392857142857144,2.525,0.0,48.32500000000001,0.28764880952380956,0.47797619047619055,-0.018898809523809512
2017-04-30 00:00:00+00:00,0.8491666666666666,0.5138888888888888,0.55,,,12.0,0.0,65.8,0.39166666666666666,20.6,0.0,88.75000000000001,0.5282738095238095,914.2,902.4,152728.0,909.0952380952381,911.375,903.9499999999999,152530.225,907.9180059523809,3028.8,2.2,60738.661538461536,361.539652014652,3237.9,1.1749999999999992,87232.87692307692,519.243315018315,23.7,13.2,2805.1,16.69702380952381,24.725,13.299999999999999,3007.25,17.90029761904762,18.0,12.2,2537.4,15.10357142857143,19.0,12.75,2682.8250000000003,15.96919642857143,98.0,66.0,15248.0,90.76190476190476,98.0,59.0,14983.0,89.18452380952381,358.0,11.0,28153.0,167.57738095238096,357.25,6.5,28657.0,170.57738095238093,3.6,0.0,100.9,0.6005952380952382,2.85,0.0,64.25,0.3824404761904762,0.5044642857142858,0.026488095238095255
2017-05-07 00:00:00+00:00,0.7816666666666667,0.5416666666666666,0.5138888888888888,,,8.4,0.0,11.8,0.07023809523809524,14.000000000000004,0.0,72.10000000000001,0.42916666666666664,913.9,906.0,152818.5,909.6339285714286,912.575,904.175,152629.25,908.5074404761905,3024.2,2.6,80700.3,480.3589285714286,3120.225,1.3499999999999992,80238.89615384616,477.6124771062272,21.8,11.6,2696.3,16.049404761904764,23.25,13.075000000000001,2854.35,16.990178571428572,17.7,11.2,2373.2,14.126190476190475,18.375,12.525,2562.675,15.254017857142857,98.0,62.0,14950.0,88.98809523809524,98.0,62.25,15132.25,90.07291666666667,355.0,1.0,31097.0,185.10119047619048,356.0,5.25,28386.0,168.96428571428572,2.5,0.0,23.7,0.14107142857142857,2.825,0.0,59.60000000000001,0.3547619047619048,0.45014880952380953,-0.054315476190476275
2017-05-14 00:00:00+00:00,0.725,0.4677777777777778,0.4444444444444444,,,4.6,0.0,18.2,0.10833333333333332,11.000000000000004,0.0,56.10000000000001,0.3339285714285714,911.5,900.5,152382.3,907.0374999999999,912.75,903.175,152594.925,908.3031249999999,2757.1,2.8,94028.4,559.6928571428571,3014.2,1.8999999999999992,79309.52596153846,472.08051167582414,24.3,11.3,2699.4,16.067857142857143,23.075,11.975,2751.225,16.376339285714288,16.4,8.6,2276.7,13.551785714285714,17.575,10.85,2417.65,14.39077380952381,98.0,53.0,14465.0,86.10119047619048,98.0,60.25,14906.75,88.73065476190476,359.0,4.0,29647.0,176.4702380952381,358.0,4.5,28950.75,172.32589285714286,3.0,0.0,57.3,0.3410714285714286,2.95,0.0,63.70000000000001,0.3791666666666667,0.2927083333333333,-0.15744047619047624
2017-05-21 00:00:00+00:00,0.6983333333333334,0.375,0.4377777777777777,,,7.2,0.0,50.800000000000004,0.3023809523809524,8.050000000000004,0.0,36.65,0.2181547619047619,910.2,902.6,152339.1,906.7803571428572,912.45,902.875,152566.975,908.1367559523809,2528.9,1.9,56079.84285714286,333.8085884353742,2834.75,2.374999999999999,72886.80109890111,433.85000654107796,19.7,11.3,2625.2,15.626190476190475,22.375,11.85,2706.5,16.110119047619047,17.2,10.9,2348.3,13.977976190476191,17.325,10.725,2383.9,14.189880952380951,98.0,70.0,15156.0,90.21428571428571,98.0,62.75,14954.75,89.01636904761904,357.0,2.0,33130.0,197.20238095238096,357.25,4.5,30506.75,181.58779761904762,3.4,0.0,92.9,0.5529761904761905,3.125,0.0,68.70000000000002,0.4089285714285715,0.2683035714285714,-0.024404761904761874
2017-05-28 00:00:00+00:00,0.6666666666666666,0.3222222222222222,0.3222222222222222,,,7.4,0.0,25.8,0.15357142857142858,6.900000000000004,0.0,26.650000000000002,0.15863095238095237,912.5,906.0,152922.4,910.2523809523809,912.025,903.7750000000001,152615.575,908.4260416666666,2664.3,0.1,78397.79175824176,466.65352237048666,2743.625,1.849999999999999,77301.58365384616,460.12847413003664,23.8,11.9,2855.5,16.99702380952381,22.4,11.525,2719.1000000000004,16.185119047619047,17.8,11.7,2471.1,14.70892857142857,17.275,10.6,2367.325,14.091220238095238,99.0,61.0,14623.0,87.04166666666667,98.25,61.5,14798.5,88.08630952380952,339.0,1.0,34018.0,202.48809523809524,352.5,2.0,31973.0,190.3154761904762,3.1,0.0,121.2,0.7214285714285714,3.0,0.0,73.775,0.4391369047619048,0.1931547619047619,-0.0751488095238095
2017-06-04 00:00:00+00:00,0.7083333333333334,0.55,0.5694444444444444,,,0.0,0.0,0.0,0.0,4.800000000000004,0.0,23.700000000000003,0.14107142857142857,912.4,904.5,152708.8,908.9809523809523,911.65,903.4000000000001,152588.15,908.2627976190477,2572.1,0.4,87461.03681318682,520.6014096023025,2630.6000000000004,1.299999999999999,78991.76785714286,470.1890943877551,23.5,10.5,2720.1,16.191071428571426,22.825,11.25,2725.0499999999997,16.220535714285713,16.1,10.2,2249.8,13.391666666666667,16.875,10.35,2336.475,13.907589285714286,100.0,50.0,14227.0,84.68452380952381,98.75,58.5,14617.75,87.01041666666666,358.0,1.0,36392.0,216.61904761904762,353.25,2.0,33296.75,198.19494047619048,3.1,0.0,84.2,0.5011904761904762,3.1500000000000004,0.0,88.9,0.5291666666666667,0.215625,0.0224702380952381
2017-06-11 00:00:00+00:00,0.775,0.58,0.5616666666666666,,,14.2,0.0,25.0,0.1488095238095238,7.200000000000004,0.0,25.400000000000002,0.1511904761904762,909.8,903.3,152421.7,907.2720238095238,911.2249999999999,904.1,152598.0,908.3214285714286,2548.1,0.0,76940.47142857143,457.97899659863947,2578.35,0.5999999999999991,74719.78571428571,444.76062925170066,26.7,10.6,3029.4,18.03214285714286,23.425,11.075000000000001,2807.55,16.71160714285714,18.6,10.0,2474.5,14.729166666666666,17.425,10.7,2385.925,14.201934523809523,99.0,38.0,13922.0,82.86904761904762,99.0,54.75,14482.0,86.20238095238095,306.0,22.0,32110.0,191.13095238095238,340.0,6.5,33912.5,201.86011904761904,3.5,0.0,127.8,0.7607142857142857,3.2750000000000004,0.0,106.525,0.634077380952381,0.2355654761904762,0.019940476190476175
2017-06-18 00:00:00+00:00,0.8125,0.6016666666666667,0.5905555555555556,,,12.8,0.0,24.4,0.14523809523809522,8.600000000000005,0.0,18.8,0.1119047619047619,915.0,907.8,152985.8,910.6297619047618,912.425,905.4000000000001,152759.675,909.2837797619047,2554.8,0.0,81823.49945054945,487.0446395866039,2584.8250000000003,0.12499999999999911,81155.69986263737,483.06964203950815,21.8,10.7,2719.5,16.1875,23.95,10.924999999999999,2831.125,16.851934523809526,16.6,10.3,2317.8,13.796428571428573,17.275,10.55,2378.3,14.15654761904762,99.0,51.0,14552.0,86.61904761904762,99.25,50.0,14331.0,85.30357142857143,356.0,2.0,31187.0,185.63690476190476,339.75,6.5,33426.75,198.96875,2.9,0.0,78.6,0.4678571428571428,3.15,0.0,102.95000000000002,0.612797619047619,0.28764880952380956,0.05208333333333337
2017-06-25 00:00:00+00:00,0.7916666666666666,0.4055555555555555,0.4055555555555555,,,20.4,0.0,92.39999999999999,0.5499999999999999,11.850000000000003,0.0,35.45,0.21101190476190473,916.1,907.5,153371.4,912.925,913.325,905.7750000000001,152871.925,909.9519345238095,2555.7,0.3,81838.06538461539,487.1313415750916,2557.6749999999997,0.1749999999999991,82015.76826923077,488.1890968406594,22.3,9.6,2524.2,15.024999999999999,23.575000000000003,10.35,2748.2999999999997,16.35892857142857,16.7,7.2,2179.7,12.974404761904761,17.0,9.425,2305.45,13.722916666666666,98.0,41.0,14885.0,88.60119047619048,99.0,45.0,14396.5,85.69345238095238,350.0,5.0,32373.0,192.69642857142858,342.5,7.5,33015.5,196.52083333333334,2.1,0.0,15.6,0.09285714285714286,2.9000000000000004,0.0,76.55,0.45565476190476184,0.3824404761904762,0.09479166666666666
2017-07-02 00:00:00+00:00,0.8333333333333334,0.3722222222222222,0.4055555555555555,,,12.4,0.0,114.0,0.6785714285714286,14.950000000000003,0.0,63.95,0.3806547619047619,917.0,910.4,153412.1,913.167261904762,914.475,907.25,153047.75,910.9985119047618,2559.1,0.1,86274.0423076923,513.535966117216,2554.425,0.09999999999999912,81719.01964285714,486.42273596938776,22.4,7.3,2282.7,13.587499999999999,23.3,9.549999999999999,2638.95,15.708035714285714,15.5,6.0,1895.7,11.283928571428572,16.85,8.375,2216.925,13.195982142857144,100.0,53.0,14641.0,87.14880952380952,99.0,45.75,14500.0,86.30952380952381,360.0,3.0,30573.0,181.98214285714286,343.0,8.0,31560.75,187.86160714285714,2.6,0.0,34.9,0.20773809523809522,2.775,0.0,64.22500000000001,0.3822916666666666,0.3547619047619048,-0.02767857142857144
2017-07-09 00:00:00+00:00,0.9375,0.4111111111111111,0.4111111111111111,,,4.8,0.0,20.4,0.12142857142857141,12.600000000000003,0.0,62.8,0.3738095238095238,920.3,914.6,154026.7,916.8255952380953,917.1,910.075,153449.0,913.3869047619048,2937.9,0.0,78164.75384615385,465.266391941392,2651.875,0.09999999999999912,82025.09024725275,488.2445848050759,20.3,7.5,2064.9,12.29107142857143,21.7,8.774999999999999,2397.825,14.272767857142856,14.1,3.9,1700.8,10.123809523809523,15.725,6.8500000000000005,2023.5,12.044642857142856,99.0,51.0,14714.0,87.58333333333333,99.0,49.0,14698.0,87.48809523809523,359.0,11.0,31292.0,186.26190476190476,356.25,5.25,31356.25,186.64434523809524,1.8,0.0,36.3,0.21607142857142855,2.35,0.0,41.35,0.24613095238095237,0.3791666666666667,0.02440476190476193
2017-07-16 00:00:00+00:00,0.9691666666666668,0.4222222222222222,0.4027777777777778,,,0.2,0.0,0.2,0.0011904761904761906,9.450000000000003,0.0,56.75,0.337797619047619,916.2,910.8,153541.1,913.9351190476191,917.4,910.8249999999999,153587.825,914.2132440476191,2635.9,1.9,100026.93076923076,595.3983974358974,2672.15,0.5749999999999991,86575.94807692307,515.3330242673993,20.3,8.7,2532.2,15.072619047619046,21.325000000000003,8.275,2351.0,13.994047619047619,14.7,7.2,1876.0,11.166666666666666,15.25,6.075,1913.05,11.387202380952381,97.0,51.0,13243.0,78.82738095238095,98.5,49.0,14370.75,85.54017857142857,339.0,48.0,40407.0,240.51785714285714,352.0,16.75,33661.25,200.36458333333334,3.7,0.0,145.2,0.8642857142857142,2.55,0.0,58.0,0.34523809523809523,0.4089285714285715,0.029761904761904767
2017-07-23 00:00:00+00:00,0.8833333333333333,0.4294444444444444,0.4499999999999999,,,0.8,0.0,5.0,0.02976190476190476,4.550000000000003,0.0,34.900000000000006,0.20773809523809525,916.7,909.9,153312.5,912.5744047619048,917.55,911.4250000000001,153573.1,914.1255952380952,2666.2,0.0,76587.66923076923,455.8789835164835,2699.7749999999996,0.49999999999999906,85263.34903846154,507.51993475274725,21.1,9.8,2289.5,13.62797619047619,21.025,8.325,2292.325,13.644791666666666,15.0,8.9,1839.4,10.948809523809524,14.825,6.5,1827.975,10.880803571428572,99.0,46.0,14366.0,85.51190476190476,98.75,50.25,14241.0,84.76785714285714,359.0,1.0,32659.0,194.39880952380952,354.25,15.75,33732.75,200.79017857142858,1.9,0.0,60.1,0.35773809523809524,2.5,0.0,69.125,0.4114583333333333,0.4391369047619048,0.030208333333333337
2017-07-30 00:00:00+00:00,0.8125,0.4072222222222222,0.4627777777777778,,,0.2,0.0,0.2,0.0011904761904761906,1.5000000000000036,0.0,6.449999999999999,0.03839285714285714,918.8,913.7,153861.6,915.8428571428572,918.0,912.25,153685.475,914.7944940476191,2817.3,4.9,108189.06153846154,643.9825091575092,2764.3250000000003,1.6999999999999993,90742.10384615386,540.1315705128205,21.6,7.6,2425.6,14.438095238095238,20.825000000000003,8.4,2328.05,13.857440476190476,14.4,5.7,1776.4,10.573809523809524,14.549999999999999,6.425000000000001,1798.15,10.70327380952381,99.0,43.0,13330.0,79.3452380952381,98.5,47.75,13913.25,82.81696428571428,332.0,6.0,36198.0,215.46428571428572,347.25,16.5,35139.0,209.16071428571428,2.5,0.0,51.1,0.3041666666666667,2.475,0.0,73.175,0.43556547619047614,0.5291666666666667,0.09002976190476186
2017-08-06 00:00:00+00:00,0.7083333333333334,0.3888888888888889,0.4499999999999999,,,4.8,0.0,18.8,0.11190476190476191,1.5000000000000036,0.0,6.05,0.03601190476190476,916.1,903.3,152996.9,910.6958333333333,916.95,909.425,153428.025,913.2620535714286,2776.0,3.9,83641.06923076924,497.8635073260074,2723.85,2.6749999999999994,92111.18269230769,548.2808493589744,22.7,9.9,2416.5,14.383928571428571,21.425,9.0,2415.95,14.380654761904761,13.4,5.1,1655.3,9.85297619047619,14.375,6.725,1786.775,10.635565476190477,99.0,39.0,12851.0,76.49404761904762,98.5,44.75,13447.5,80.04464285714286,355.0,3.0,33004.0,196.45238095238096,346.25,14.5,35567.0,211.70833333333331,3.3,0.0,142.7,0.8494047619047619,2.85,0.0,99.77499999999999,0.5938988095238096,0.634077380952381,0.1049107142857143
2017-08-13 00:00:00+00:00,0.5733333333333334,0.3333333333333333,0.3333333333333333,,,1.0,0.0,6.4,0.0380952380952381,1.7000000000000035,0.0,7.6,0.045238095238095244,912.9,905.1,152741.3,909.1744047619047,916.125,908.0,153228.075,912.071875,2907.3,3.5,91561.88461538461,545.0112179487179,2791.7,3.0749999999999993,89994.92115384615,535.6840544871795,26.4,6.4,2443.2,14.542857142857141,22.950000000000003,8.425,2393.7,14.248214285714285,14.8,5.7,1924.5,11.455357142857142,14.4,6.35,1798.9,10.707738095238096,99.0,35.0,14068.0,83.73809523809524,99.0,40.75,13653.75,81.27232142857143,356.0,2.0,29184.0,173.71428571428572,350.5,3.0,32761.25,195.00744047619048,2.9,0.0,110.7,0.6589285714285714,2.65,0.0,91.14999999999999,0.5425595238095238,0.612797619047619,-0.021279761904761996
2017-08-20 00:00:00+00:00,0.5833333333333334,0.3127777777777777,0.3127777777777777,,,4.2,0.0,25.0,0.1488095238095238,2.5500000000000034,0.0,12.6,0.075,910.2,904.0,152537.8,907.9630952380952,914.5,906.525,153034.4,910.9190476190477,3011.2,0.0,62454.11153846154,371.7506639194139,2877.95,3.0749999999999993,86461.53173076923,514.651974587912,24.6,13.1,2749.4,16.36547619047619,23.825,9.25,2508.6749999999997,14.932589285714284,17.0,10.0,2452.2,14.59642857142857,14.9,6.625,1952.1000000000001,11.619642857142857,100.0,41.0,15173.0,90.31547619047619,99.25,39.5,13855.5,82.47321428571429,360.0,4.0,29754.0,177.10714285714286,350.75,3.75,32035.0,190.6845238095238,3.5,0.0,90.7,0.5398809523809524,3.05,0.0,98.79999999999998,0.5880952380952381,0.45565476190476184,-0.15714285714285714
2017-08-27 00:00:00+00:00,0.5,0.2744444444444445,0.2683333333333333,,,8.6,0.0,69.8,0.41547619047619044,4.650000000000004,0.0,30.0,0.17857142857142855,917.4,907.8,153291.0,912.4464285714286,914.15,905.05,152891.75,910.0699404761905,3202.8,0.1,99159.88461538461,590.2374084249084,2974.325,1.8749999999999991,84204.2375,501.2156994047619,21.6,6.3,2215.2,13.185714285714285,23.825,8.924999999999999,2456.075,14.619494047619046,14.2,5.4,1748.6,10.408333333333333,14.850000000000001,6.55,1945.15,11.578273809523807,99.0,53.0,14187.0,84.44642857142857,99.25,42.0,14069.75,83.7485119047619,339.0,1.0,30386.0,180.86904761904762,352.5,2.5,30582.0,182.0357142857143,3.3,0.0,99.2,0.5904761904761905,3.25,0.0,110.825,0.6596726190476191,0.3822916666666666,-0.07336309523809526
2017-09-03 00:00:00+00:00,0.4583333333333333,0.2455555555555555,0.2394444444444444,,,3.4,0.0,26.0,0.15476190476190477,4.300000000000003,0.0,31.799999999999997,0.18928571428571428,917.9,906.6,153220.3,912.0255952380952,914.6,905.875,152947.59999999998,910.4023809523809,3296.5,0.0,122021.98461538462,726.321336996337,3104.45,0.8999999999999991,93799.46634615384,558.3301568223443,27.7,9.0,2523.6,15.02142857142857,25.075000000000003,8.7,2482.85,14.778869047619047,15.7,7.6,1923.1,11.44702380952381,15.425,7.175000000000001,2012.1,11.976785714285715,99.0,37.0,13651.0,81.25595238095238,99.25,41.5,14269.75,84.9389880952381,357.0,6.0,32444.0,193.11904761904762,353.0,3.25,30442.0,181.20238095238096,3.1,0.0,106.7,0.6351190476190476,3.2,0.0,101.825,0.6061011904761905,0.24613095238095237,-0.13616071428571422
2017-09-10 00:00:00+00:00,0.4583333333333333,0.2405555555555555,0.2472222222222222,,,0.0,0.0,0.0,0.0,4.050000000000003,0.0,30.199999999999996,0.17976190476190473,914.9,908.1,153025.0,910.8630952380952,915.0999999999999,906.625,153018.525,910.8245535714285,3374.9,0.0,148705.75,885.1532738095239,3221.3500000000004,0.024999999999999113,108085.43269230769,643.3656707875458,23.9,9.4,2772.6,16.503571428571426,24.45,9.450000000000001,2565.2,15.269047619047617,15.2,6.5,1775.9,10.570833333333335,15.524999999999999,7.375,1974.9499999999998,11.755654761904761,95.0,38.0,11778.0,70.10714285714286,98.25,42.25,13697.25,81.53125,360.0,59.0,37832.0,225.1904761904762,354.0,17.5,32604.0,194.07142857142856,3.5,0.0,184.6,1.0988095238095237,3.35,0.0,120.30000000000001,0.7160714285714285,0.34523809523809523,0.09910714285714287
2017-09-17 00:00:00+00:00,0.4233333333333333,0.2294444444444444,0.2166666666666666,,,0.0,0.0,0.0,0.0,3.000000000000004,0.0,23.949999999999996,0.1425595238095238,913.7,909.4,153108.3,911.3589285714285,915.975,907.975,153161.15,911.6735119047619,3464.6,0.5,150265.2,894.4357142857143,3334.7,0.1499999999999991,130038.20480769231,774.0369333791209,28.8,12.7,3249.2,19.34047619047619,25.5,9.35,2690.15,16.012797619047618,16.9,6.9,2017.1,12.006547619047618,15.5,6.6,1866.175,11.108184523809523,92.0,28.0,10890.0,64.82142857142857,96.25,39.0,12626.5,75.1577380952381,341.0,61.0,35983.0,214.1845238095238,349.25,31.75,34161.25,203.3407738095238,2.6,0.0,211.4,1.2583333333333333,3.125,0.0,150.475,0.8956845238095238,0.4114583333333333,0.06622023809523808
2017-09-24 00:00:00+00:00,0.4166666666666667,0.2405555555555555,0.2127777777777778,,,0.0,0.0,0.0,0.0,0.8500000000000035,0.0,6.5,0.03869047619047619,914.2,908.6,153092.1,911.2625,915.175,908.1750000000001,153111.425,911.3775297619047,3481.1,6.2,137133.175,816.2688988095238,3404.275,1.6749999999999992,139531.52740384615,830.5448059752747,26.5,12.1,3086.3,18.370833333333334,26.724999999999998,10.8,2907.9249999999997,17.30907738095238,16.6,4.6,2002.5,11.919642857142858,16.099999999999998,6.4,1929.65,11.486011904761906,93.0,25.0,11575.0,68.89880952380952,94.75,32.0,11973.5,71.27083333333333,347.0,2.0,35446.0,210.98809523809524,351.25,32.0,35426.25,210.87053571428572,2.6,0.0,161.3,0.9601190476190476,2.9499999999999997,0.0,166.0,0.988095238095238,0.43556547619047614,0.024107142857142827
2017-10-01 00:00:00+00:00,0.4308333333333333,0.2055555555555555,0.2016666666666666,,,3.4,0.0,14.6,0.0869047619047619,0.8500000000000035,0.0,3.65,0.021726190476190475,913.4,898.5,152413.6,907.2238095238096,914.05,906.15,152909.75,910.1770833333333,3622.3,2.8,100563.025,598.5894345238095,3485.725,2.374999999999999,134166.7875,798.6118303571428,25.9,10.7,2978.5,17.729166666666668,26.275,11.225,3021.6499999999996,17.986011904761902,17.2,7.8,2242.8,13.350000000000001,16.475,6.449999999999999,2009.575,11.961755952380953,98.0,39.0,12976.0,77.23809523809524,94.5,32.5,11804.75,70.26636904761905,352.0,14.0,33974.0,202.22619047619048,350.0,34.0,35808.75,213.14732142857144,4.5,0.0,201.4,1.1988095238095238,3.3,0.0,189.67499999999998,1.129017857142857,0.5938988095238096,0.15833333333333344
2017-10-08 00:00:00+00:00,0.4308333333333333,0.2016666666666666,0.2016666666666666,,,3.4,0.0,25.8,0.15357142857142858,1.7000000000000035,0.0,10.1,0.06011904761904762,912.3,900.4,152491.6,907.6880952380952,913.4000000000001,904.225,152776.40000000002,909.3833333333333,3678.6,2.5,97512.025,580.4287202380953,3561.6499999999996,2.999999999999999,121368.35625,722.4306919642856,28.0,11.6,3192.1,19.000595238095237,27.3,11.775,3126.525,18.61026785714286,18.1,9.5,2415.4,14.377380952380953,17.2,7.199999999999999,2169.45,12.913392857142858,98.0,37.0,12911.0,76.85119047619048,95.25,32.25,12088.0,71.95238095238095,359.0,5.0,36388.0,216.5952380952381,349.75,20.5,35447.75,210.99851190476193,3.7,0.0,164.9,0.9815476190476191,3.3499999999999996,0.0,184.75,1.099702380952381,0.5425595238095238,-0.05133928571428581
2017-10-15 00:00:00+00:00,0.4083333333333334,0.1877777777777777,0.2083333333333333,,,5.6,0.0,33.6,0.2,3.100000000000003,0.0,18.5,0.11011904761904762,912.0,903.7,152258.0,906.297619047619,912.975,902.8,152563.825,908.118005952381,3674.6,8.7,145931.175,868.6379464285714,3614.15,5.049999999999999,120284.84999999999,715.9812499999999,30.3,13.8,3544.1,21.09583333333333,27.675,12.049999999999999,3200.25,19.049107142857142,19.9,9.3,2608.5,15.526785714285714,17.950000000000003,7.8,2317.3,13.793452380952381,98.0,30.0,12318.0,73.32142857142857,96.75,32.75,12445.0,74.07738095238096,359.0,5.0,28040.0,166.9047619047619,354.25,6.5,33462.0,199.17857142857144,2.4,0.0,104.0,0.6190476190476191,3.3,0.0,157.89999999999998,0.9398809523809524,0.5880952380952381,0.045535714285714346
2017-10-22 00:00:00+00:00,0.4066666666666667,0.2016666666666666,0.2016666666666666,,,12.6,0.0,29.0,0.17261904761904762,6.2500000000000036,0.0,25.75,0.15327380952380953,914.2,904.9,152710.4,908.9904761904761,912.9749999999999,901.875,152468.4,907.55,3839.8,0.24000000000000002,126423.01,752.5179166666667,3703.8250000000003,3.559999999999999,117607.30875,700.0435044642857,27.7,13.7,3341.5,19.889880952380953,27.975,12.45,3264.05,19.428869047619045,18.2,4.2,2258.8,13.445238095238096,18.349999999999998,7.7,2381.375,14.17485119047619,98.0,24.0,11774.0,70.08333333333333,98.0,32.5,12494.75,74.37351190476191,359.0,2.0,34439.0,204.99404761904762,357.25,6.5,33210.25,197.68005952380955,3.6,0.0,176.2,1.0488095238095236,3.55,0.0,161.625,0.9620535714285714,0.6596726190476191,0.07157738095238098
2017-10-29 00:00:00+00:00,0.4583333333333333,0.2155555555555555,0.285,,,7.2,0.0,44.6,0.2654761904761905,7.200000000000004,0.0,33.25,0.19791666666666666,911.3,899.0,152171.1,905.7803571428572,912.45,902.0,152407.77500000002,907.1891369047619,3653.7,0.0,86905.265,517.293244047619,3711.6749999999997,2.859999999999999,114192.86875,679.719456845238,26.7,13.6,3254.2,19.370238095238093,28.174999999999997,13.175,3332.975,19.839136904761904,18.4,12.5,2564.4,15.264285714285714,18.65,8.875,2461.775,14.65342261904762,98.0,47.0,13297.0,79.14880952380952,98.0,34.5,12575.0,74.85119047619048,351.0,10.0,34339.0,204.39880952380952,357.0,5.5,33301.5,198.2232142857143,4.5,0.0,127.3,0.7577380952380952,3.55,0.0,143.1,0.8517857142857143,0.6061011904761905,-0.0535714285714286
2017-11-05 00:00:00+00:00,0.4583333333333333,0.20222222222222214,0.2572222222222222,,,2.4,0.0,26.8,0.15952380952380954,6.950000000000004,0.0,33.5,0.1994047619047619,912.3,898.3,152123.9,905.4994047619048,912.4499999999999,901.4749999999999,152315.85,906.6419642857143,3884.0,0.2,88675.525,527.8305059523809,3763.0249999999996,2.284999999999999,111983.74375,666.5699032738096,24.8,12.1,3067.5,18.258928571428573,27.375,13.299999999999999,3301.825,19.65372023809524,18.0,10.1,2468.5,14.693452380952381,18.625,9.025,2475.05,14.732440476190476,98.0,54.0,13610.0,81.01190476190476,98.0,38.75,12749.75,75.89136904761905,353.0,1.0,30465.0,181.33928571428572,355.5,4.5,31820.75,189.40922619047618,3.6,0.0,176.0,1.0476190476190477,3.5250000000000004,0.0,145.875,0.8683035714285714,0.7160714285714285,0.10997023809523798
2017-11-12 00:00:00+00:00,0.4583333333333333,0.1888888888888888,0.2294444444444444,,,9.8,0.0,93.6,0.5571428571428572,8.000000000000004,0.0,48.5,0.28869047619047616,908.6,897.9,151881.2,904.054761904762,911.5999999999999,900.025,152221.65,906.08125,3536.6,2.6,80482.525,479.06264880952375,3728.525,0.7599999999999991,95621.58124999999,569.1760788690476,22.3,11.6,2839.7,16.90297619047619,25.375,12.75,3125.725,18.605505952380952,18.6,10.2,2471.6,14.711904761904762,18.3,9.25,2440.8250000000003,14.52872023809524,98.0,48.0,14730.0,87.67857142857143,98.0,43.25,13352.75,79.48065476190476,348.0,2.0,28594.0,170.20238095238096,352.75,3.75,31959.25,190.23363095238096,3.1,0.0,108.60000000000001,0.6464285714285715,3.7,0.0,147.025,0.8751488095238095,0.8956845238095238,0.17961309523809532
2017-11-19 00:00:00+00:00,0.5141666666666667,0.2294444444444444,0.2683333333333333,,,7.6,0.0,19.6,0.11666666666666667,6.7500000000000036,0.0,46.15,0.2747023809523809,908.2,899.5,151911.3,904.2339285714285,910.1,898.675,152021.875,904.8921130952381,3956.1,0.0,151580.825,902.2668154761906,3757.6,0.6999999999999991,101911.035,606.6133035714286,28.7,9.2,3237.6,19.271428571428572,25.625,11.625,3099.75,18.450892857142858,19.2,8.4,2455.0,14.613095238095237,18.549999999999997,10.299999999999999,2489.875,14.820684523809526,97.0,38.0,12803.0,76.20833333333333,97.75,46.75,13610.0,81.01190476190476,349.0,20.0,35925.0,213.83928571428572,350.25,8.25,32330.75,192.44494047619048,3.0,0.0,128.4,0.7642857142857143,3.55,0.0,135.075,0.8040178571428571,0.988095238095238,0.09241071428571423
2017-11-26 00:00:00+00:00,0.6416666666666667,0.3194444444444444,0.4499999999999999,,,21.8,0.0,142.6,0.8488095238095238,10.400000000000004,0.0,70.65,0.4205357142857143,908.7,899.9,151987.9,904.6898809523809,909.45,898.9,151976.075,904.6194940476191,3857.0,0.0,87903.00454545455,523.23216991342,3808.425,0.6999999999999991,102160.46988636363,608.0980350378788,25.1,13.2,3222.3,19.180357142857144,25.225,11.525,3091.775,18.40342261904762,19.8,11.8,2769.5,16.485119047619047,18.900000000000002,10.125,2541.15,15.125892857142857,98.0,59.0,14336.0,85.33333333333333,97.75,49.75,13869.75,82.55803571428572,336.0,4.0,33352.0,198.52380952380952,346.5,6.75,32084.0,190.97619047619048,3.8,0.0,121.1,0.7208333333333333,3.375,0.0,133.525,0.7947916666666667,1.129017857142857,0.14092261904761905
2017-12-03 00:00:00+00:00,0.6875,0.3405555555555555,0.4261111111111111,,,19.8,0.0,145.0,0.8630952380952381,14.750000000000004,0.0,100.19999999999999,0.5964285714285714,908.4,901.3,151973.6,904.604761904762,908.475,899.6500000000001,151938.5,904.3958333333334,3094.9,0.0,67912.25,404.2395833333333,3611.15,0.6499999999999991,96969.65113636364,577.2003043831169,24.0,14.3,2992.9,17.814880952380953,25.025,12.075,3073.125,18.292410714285715,19.5,13.9,2752.7,16.385119047619046,19.275000000000002,11.075,2612.2,15.548809523809524,98.0,65.0,15427.0,91.82738095238095,97.75,52.5,14324.0,85.26190476190476,331.0,3.0,28841.0,171.67261904761904,341.0,7.25,31678.0,188.55952380952382,2.7,0.0,53.1,0.31607142857142856,3.15,0.0,102.8,0.6119047619047618,1.099702380952381,-0.029315476190476142
2017-12-10 00:00:00+00:00,0.7291666666666666,0.4627777777777778,0.4816666666666667,,,7.8,0.0,113.8,0.6773809523809524,14.250000000000004,0.0,105.24999999999999,0.6264880952380953,907.5,897.2,151557.3,902.1267857142857,908.2,899.475,151857.525,903.9138392857143,3211.8,0.0,87879.66545454545,523.0932467532467,3529.95,0.0,98818.93625000001,588.2079538690476,25.4,14.4,3168.0,18.857142857142858,25.8,12.775,3155.2,18.78095238095238,21.1,12.6,2939.8,17.498809523809523,19.9,11.675,2729.25,16.245535714285715,98.0,67.0,15502.0,92.27380952380952,97.75,57.25,14517.0,86.41071428571428,355.0,1.0,27223.0,162.04166666666666,342.75,7.0,31335.25,186.51934523809524,2.2,0.0,51.7,0.30773809523809526,2.925,0.0,88.57499999999999,0.5272321428571428,0.9398809523809524,-0.15982142857142856
2017-12-17 00:00:00+00:00,0.8233333333333334,0.4499999999999999,0.4944444444444444,,,6.6,0.0,31.2,0.18571428571428572,14.000000000000005,0.0,108.14999999999999,0.64375,910.1,897.9,152160.3,905.7160714285714,908.675,899.075,151919.775,904.2843750000001,4073.6,0.3,137216.2981818182,816.7636796536797,3559.325,0.07499999999999911,95227.80454545454,566.8321699134199,28.9,14.4,3255.6,19.378571428571426,25.849999999999998,14.075000000000001,3159.7000000000003,18.807738095238093,20.4,13.9,2757.0,16.410714285714285,20.2,13.049999999999999,2804.75,16.694940476190474,98.0,46.0,14145.0,84.19642857142857,98.0,59.25,14852.5,88.4077380952381,350.0,4.0,31011.0,184.58928571428572,343.0,3.0,30106.75,179.20684523809524,2.7,0.0,80.2,0.4773809523809524,2.85,0.0,76.525,0.4555059523809524,0.9620535714285714,0.022172619047619024
2017-12-24 00:00:00+00:00,0.625,0.3727777777777777,0.4305555555555556,,,18.8,0.0,57.800000000000004,0.34404761904761905,13.250000000000004,0.0,86.95,0.5175595238095239,910.3,901.9,152228.9,906.1244047619048,909.075,899.575,151980.025,904.6430059523809,4004.9,3.9,145308.6318181818,864.9323322510821,3596.3,1.0499999999999992,109579.21136363636,652.2572104978354,29.8,16.5,3640.7,21.67083333333333,27.025,14.9,3264.3,19.43035714285714,20.5,14.8,2958.3,17.60892857142857,20.375,13.8,2851.95,16.975892857142856,98.0,44.0,13300.0,79.16666666666667,98.0,55.5,14593.5,86.86607142857142,334.0,5.0,33036.0,196.64285714285714,342.5,3.25,30027.75,178.73660714285714,2.9,0.0,86.6,0.5154761904761904,2.625,0.0,67.9,0.4041666666666667,0.8517857142857143,-0.11026785714285714
2017-12-31 00:00:00+00:00,0.625,0.4072222222222222,0.4305555555555556,,,15.6,0.0,80.6,0.4797619047619047,12.200000000000005,0.0,70.85,0.4217261904761905,907.3,901.7,151942.2,904.4178571428572,908.8,899.675,151972.175,904.5962797619047,3937.4,1.6,83303.03181818181,495.85137987012985,3806.925,1.449999999999999,113426.90681818181,675.1601596320346,27.1,17.2,3461.6,20.604761904761904,27.8,15.625,3381.475,20.127827380952382,21.1,16.7,3157.8,18.79642857142857,20.775000000000002,14.5,2953.2250000000004,17.578720238095237,98.0,62.0,15089.0,89.81547619047619,98.0,54.75,14509.0,86.36309523809524,351.0,3.0,32816.0,195.33333333333334,347.5,3.25,31021.5,184.65178571428572,3.6,0.0,109.8,0.6535714285714286,2.85,0.0,82.075,0.48854166666666665,0.8683035714285714,0.01651785714285714
2018-01-07 00:00:00+00:00,0.625,0.4072222222222222,0.4305555555555556,,,24.2,0.0,143.8,0.855952380952381,16.300000000000004,0.0,78.35,0.4663690476190476,907.4,897.6,151808.9,903.6244047619048,908.775,899.775,152035.07499999998,904.9706845238095,3814.8,0.6,82715.96363636364,492.3569264069264,3957.675,1.599999999999999,112135.98136363635,667.4760795454545,28.9,16.1,3449.1,20.53035714285714,28.674999999999997,16.05,3451.75,20.54613095238095,20.9,15.3,3086.4,18.371428571428574,20.724999999999998,15.175,2989.875,17.796875,98.0,51.0,14830.0,88.27380952380952,98.0,50.75,14341.0,85.36309523809524,350.0,6.0,32859.0,195.58928571428572,346.25,4.5,32430.5,193.03869047619048,3.8,0.0,100.2,0.5964285714285714,3.25,0.0,94.2,0.5607142857142857,0.8751488095238095,0.006845238095238071
2018-01-14 00:00:00+00:00,0.7775,0.4416666666666666,0.4794444444444445,,,14.6,0.0,67.8,0.4035714285714286,18.3,0.0,87.5,0.5208333333333334,912.3,903.5,152495.6,907.7119047619047,909.325,901.175,152118.90000000002,905.4696428571428,4018.8,0.3,121871.46818181819,725.4254058441559,3943.9750000000004,1.5999999999999992,108299.77386363635,644.6415110930736,27.1,14.6,3454.1,20.560119047619047,28.225,16.1,3501.375,20.841517857142854,20.1,14.3,2911.2,17.32857142857143,20.650000000000002,15.275,3028.425,18.026339285714286,98.0,48.0,13919.0,82.85119047619048,98.0,51.25,14284.5,85.02678571428572,354.0,4.0,34457.0,205.10119047619048,347.25,4.5,33292.0,198.16666666666666,2.8,0.0,106.4,0.6333333333333334,3.275,0.0,100.75,0.5997023809523809,0.8040178571428571,-0.07113095238095235
2018-01-21 00:00:00+00:00,0.6108333333333333,0.4872222222222222,0.548888888888889,,,3.2,0.0,10.0,0.05952380952380952,14.400000000000002,0.0,75.55,0.4497023809523809,908.8,904.3,152385.0,907.0535714285714,908.9499999999999,901.7750000000001,152157.925,905.7019345238095,3975.9,4.027272727272727,146487.94545454546,871.9520562770564,3936.725,1.631818181818181,108594.60227272728,646.3964420995671,30.6,16.8,3663.1,21.804166666666667,28.424999999999997,16.175,3506.9749999999995,20.87485119047619,21.3,9.3,2967.8,17.66547619047619,20.85,13.899999999999999,3030.8,18.04047619047619,97.0,29.0,13366.0,79.55952380952381,97.75,47.5,14301.0,85.125,353.0,1.0,34350.0,204.46428571428572,352.0,3.5,33620.5,200.1220238095238,5.2,0.0,90.6,0.5392857142857143,3.8499999999999996,0.0,101.75,0.6056547619047619,0.7947916666666667,-0.009226190476190443
2018-01-28 00:00:00+00:00,1.0,0.4305555555555556,0.4377777777777777,,,82.8,0.0,203.6,1.2119047619047618,31.200000000000003,0.0,106.3,0.6327380952380952,906.4,902.0,151959.4,904.520238095238,908.725,901.85,152162.225,905.7275297619047,3988.3,1.4,118784.6909090909,707.0517316017316,3949.45,1.5818181818181811,117465.01704545454,699.1965300324675,28.1,16.1,3439.5,20.473214285714285,28.675,15.9,3501.45,20.841964285714283,21.7,15.6,3034.1,18.060119047619047,21.0,13.625,2999.875,17.85639880952381,98.0,52.0,14680.0,87.38095238095238,97.75,45.0,14198.75,84.51636904761905,357.0,2.0,31699.0,188.6845238095238,353.5,3.25,33341.25,198.45982142857144,2.5,0.0,38.8,0.23095238095238094,3.575,0.0,84.0,0.5,0.6119047619047618,-0.18288690476190483
2018-02-04 00:00:00+00:00,0.7083333333333334,0.3572222222222222,0.3888888888888889,,,20.4,0.0,116.0,0.6904761904761905,30.25,0.0,99.35,0.5913690476190476,905.5,899.1,151562.6,902.1583333333334,908.25,902.225,152100.65,905.3610119047619,4106.6,0.1,80370.54545454546,478.3961038961039,4022.4000000000005,1.456818181818181,116878.6625,695.706324404762,25.1,12.2,3064.3,18.239880952380954,27.725,14.925,3405.25,20.269345238095237,20.0,11.9,2837.2,16.888095238095236,20.775000000000002,12.775000000000002,2937.575,17.485565476190477,99.0,68.0,15492.0,92.21428571428571,98.0,49.25,14364.25,85.5014880952381,360.0,6.0,28249.0,168.14880952380952,356.0,3.25,32188.75,191.59970238095238,2.6,0.0,39.4,0.23452380952380952,3.275,0.0,68.8,0.4095238095238095,0.5272321428571428,-0.08467261904761902
2018-02-11 00:00:00+00:00,0.7708333333333334,0.3266666666666666,0.3888888888888889,,,8.8,0.0,65.0,0.3869047619047619,28.8,0.0,98.64999999999999,0.587202380952381,907.6,900.5,151921.6,904.2952380952381,907.0749999999999,901.475,151957.15,904.5068452380953,3888.6,1.9,104128.51818181819,619.8126082251083,3989.85,1.856818181818181,112442.92499999999,669.3031250000001,28.6,14.6,3272.5,19.479166666666668,28.1,14.925,3359.85,19.99910714285714,22.0,12.4,2968.2,17.66785714285714,21.25,12.3,2951.825,17.570386904761904,99.0,57.0,15177.0,90.33928571428571,98.25,51.5,14678.75,87.3735119047619,357.0,3.0,32190.0,191.60714285714286,356.75,3.0,31622.0,188.22619047619048,2.1,0.0,34.7,0.20654761904761906,3.1,0.0,50.875,0.302827380952381,0.4555059523809524,-0.07172619047619044
2018-02-18 00:00:00+00:00,0.75,0.4305555555555556,0.5416666666666666,,,39.8,0.0,92.0,0.5476190476190477,37.95,0.0,119.14999999999999,0.7092261904761904,911.8,903.4,152537.0,907.9583333333334,907.825,901.25,151995.15,904.7330357142857,3929.3,0.0,119288.77272727274,710.0522186147186,3978.2000000000003,0.8499999999999991,105643.13181818182,628.8281655844156,29.4,15.1,3477.9,20.701785714285716,27.800000000000004,14.5,3313.5499999999997,19.723511904761907,21.1,14.8,3024.0,18.0,21.2,13.675,2965.875,17.654017857142854,98.0,52.0,14368.0,85.52380952380952,98.5,57.25,14929.25,88.86458333333333,360.0,3.0,31350.0,186.60714285714286,358.5,3.5,30872.0,183.76190476190476,2.2,0.0,39.4,0.23452380952380952,2.35,0.0,38.075,0.22663690476190476,0.4041666666666667,-0.0513392857142857
2018-02-25 00:00:00+00:00,0.7083333333333334,0.5161111111111111,0.5461111111111111,,,31.6,0.0,92.4,0.55,25.15,0.0,91.35,0.54375,908.9,900.5,151914.2,904.2511904761906,908.45,900.875,151983.85,904.6657738095239,3734.4,0.8,91043.59545454546,541.9261634199135,3914.725,0.6999999999999991,98707.85795454546,587.5467735389611,27.1,15.5,3384.3,20.14464285714286,27.55,14.35,3299.7500000000005,19.64136904761905,21.1,14.2,3041.8,18.10595238095238,21.05,13.325000000000001,2967.7999999999997,17.66547619047619,99.0,59.0,14923.0,88.82738095238095,98.75,59.0,14990.0,89.22619047619047,359.0,14.0,29665.0,176.57738095238096,359.0,6.5,30363.5,180.73511904761904,2.6,0.0,53.8,0.3202380952380952,2.375,0.0,41.825,0.24895833333333334,0.48854166666666665,0.08437499999999998
2018-03-04 00:00:00+00:00,0.875,0.4905555555555556,0.5138888888888888,,,62.6,0.0,237.6,1.4142857142857141,35.7,0.0,121.75,0.7247023809523809,908.1,901.1,152106.9,905.3982142857143,909.1,901.375,152119.925,905.4757440476191,3598.9,0.0,91498.42727272728,544.6334956709957,3787.7999999999997,0.6749999999999992,101489.8284090909,604.1061214826841,28.5,17.1,3424.8,20.385714285714286,28.4,15.575000000000001,3389.875,20.17782738095238,22.5,16.9,3204.1,19.07202380952381,21.675,14.575000000000001,3059.525,18.211458333333333,99.0,58.0,15581.0,92.74404761904762,98.75,56.5,15012.25,89.35863095238093,360.0,8.0,33638.0,200.22619047619048,359.0,7.0,31710.75,188.75446428571428,2.1,0.0,22.7,0.1351190476190476,2.25,0.0,37.65,0.22410714285714284,0.5607142857142857,0.07217261904761907
2018-03-11 00:00:00+00:00,0.875,0.4072222222222222,0.3888888888888889,,,26.4,0.0,186.4,1.1095238095238096,40.1,0.0,152.1,0.9053571428571429,906.5,900.7,151717.5,903.0803571428571,908.825,901.425,152068.90000000002,905.1720238095238,3315.2,0.0,82670.34090909091,492.0853625541126,3644.4500000000003,0.19999999999999912,96125.28409090909,572.1743100649351,25.1,16.2,3379.9,20.11845238095238,27.525,15.975000000000001,3416.7250000000004,20.33764880952381,21.8,14.5,3228.8,19.219047619047622,21.625,15.1,3124.675,18.599255952380954,100.0,74.0,15947.0,94.92261904761905,99.0,60.75,15204.75,90.50446428571429,358.0,6.0,28014.0,166.75,359.25,7.75,30666.75,182.54017857142856,2.1,0.0,18.1,0.10773809523809524,2.25,0.0,33.5,0.19940476190476192,0.5997023809523809,0.03898809523809521
2018-03-18 00:00:00+00:00,0.7358333333333333,0.4277777777777778,0.4277777777777778,,,14.8,0.0,47.6,0.2833333333333333,33.85,0.0,141.0,0.8392857142857142,907.4,899.9,151973.5,904.6041666666666,907.7249999999999,900.55,151928.02500000002,904.3334821428571,3597.2,0.5,101040.08076923077,601.4290521978022,3561.4249999999997,0.3249999999999991,91563.11110139861,545.018518460706,29.4,14.0,3436.6,20.45595238095238,27.525,15.7,3406.4,20.276190476190475,22.5,13.8,3115.0,18.541666666666668,21.975,14.850000000000001,3147.425,18.734672619047622,99.0,51.0,15103.0,89.89880952380952,99.25,60.5,15388.5,91.59821428571429,358.0,19.0,33233.0,197.8154761904762,358.75,11.75,31137.5,185.3422619047619,2.6,0.0,24.5,0.14583333333333334,2.35,0.0,29.775,0.17723214285714284,0.6056547619047619,0.005952380952380931
2018-03-25 00:00:00+00:00,0.8158333333333334,0.4811111111111111,0.49722222222222223,,,9.8,0.0,57.2,0.3404761904761905,28.400000000000002,0.0,132.20000000000002,0.7869047619047619,909.4,901.7,152131.9,905.5470238095238,907.85,900.85,151982.44999999998,904.6574404761905,3395.0,0.5,103812.28076923077,617.9302426739927,3476.575,0.2499999999999991,94755.28243006993,564.0195382742257,27.9,16.6,3507.7,20.879166666666666,27.725,15.975000000000001,3437.25,20.459821428571427,22.1,14.4,3059.2,18.20952380952381,22.225,14.9,3151.775,18.76056547619048,100.0,55.0,14434.0,85.91666666666667,99.5,59.5,15266.25,90.87053571428572,324.0,19.0,33950.0,202.08333333333334,350.0,13.0,32208.75,191.71875000000003,2.1,0.0,54.6,0.325,2.225,0.0,29.975,0.17842261904761905,0.5,-0.10565476190476186
2018-04-01 00:00:00+00:00,0.8958333333333334,0.5344444444444444,0.5666666666666667,,,12.2,0.0,25.999999999999996,0.15476190476190474,15.8,0.0,79.3,0.4720238095238095,910.5,903.2,152436.8,907.3619047619047,908.4499999999999,901.375,152064.925,905.148363095238,3643.4,18.4,147281.02307692307,876.6727564102564,3487.7,4.849999999999999,108700.93138111889,647.029353459041,26.3,15.5,3378.7,20.111309523809524,27.175,15.575,3425.725,20.391220238095237,20.0,14.6,2818.2,16.775,21.6,14.325,3055.3,18.186309523809523,100.0,54.0,13846.0,82.41666666666667,99.75,58.5,14832.5,88.28869047619048,359.0,12.0,34983.0,208.23214285714286,349.75,14.0,32545.0,193.72023809523813,2.6,0.0,45.4,0.2702380952380952,2.35,0.0,35.65,0.21220238095238098,0.4095238095238095,-0.09047619047619049
2018-04-08 00:00:00+00:00,0.9166666666666666,0.6183333333333334,0.6183333333333334,,,28.2,0.0,99.2,0.5904761904761905,16.25,0.0,57.5,0.34226190476190477,909.5,901.0,151967.3,904.5672619047618,909.1999999999999,901.45,152127.375,905.5200892857142,3564.1,0.2,87862.96538461538,522.9938415750916,3549.9249999999997,4.899999999999999,109999.0875,654.7564732142857,26.3,14.9,3278.2,19.513095238095236,27.474999999999998,15.25,3400.3,20.23988095238095,20.4,14.9,3038.8,18.08809523809524,21.25,14.425,3007.8,17.90357142857143,100.0,57.0,15469.0,92.07738095238095,99.75,54.25,14713.0,87.57738095238095,360.0,4.0,29868.0,177.78571428571428,350.25,13.5,33008.5,196.47916666666669,1.9,0.0,16.7,0.0994047619047619,2.3000000000000003,0.0,35.300000000000004,0.21011904761904762,0.302827380952381,-0.10669642857142853
2018-04-15 00:00:00+00:00,0.9858333333333332,0.5522222222222222,0.6388888888888888,,,9.0,0.0,48.6,0.2892857142857143,14.8,0.0,57.75,0.34375000000000006,913.1,907.8,152902.0,910.1309523809524,910.625,903.4250000000001,152359.5,906.9017857142857,3156.7,2.0,102552.33846153846,610.4305860805861,3439.8,5.274999999999999,110377.15192307692,657.0068566849817,25.6,13.6,3140.1,18.691071428571426,26.525,15.149999999999999,3326.175,19.798660714285713,19.6,13.1,2784.0,16.571428571428573,20.525,14.25,2925.05,17.411011904761907,100.0,54.0,14846.0,88.36904761904762,100.0,55.0,14648.75,87.19494047619048,359.0,8.0,30429.0,181.125,350.5,10.75,32307.5,192.30654761904762,1.0,0.0,9.7,0.057738095238095234,1.9,0.0,31.6,0.18809523809523807,0.22663690476190476,-0.07619047619047623
2018-04-22 00:00:00+00:00,1.24,0.6611111111111111,0.6555555555555556,,,7.4,0.0,58.4,0.3476190476190476,14.2,0.0,58.05,0.3455357142857143,914.7,907.4,153063.4,911.0916666666666,911.95,904.8499999999999,152592.375,908.2879464285713,3067.7,7.7,93313.21538461538,555.4358058608059,3357.975,7.074999999999999,107752.38557692309,641.383247481685,21.8,11.2,2697.9,16.058928571428574,25.0,13.8,3123.725,18.593601190476193,17.0,8.7,2347.6,13.973809523809523,19.25,12.825,2747.15,16.352083333333333,99.0,53.0,14843.0,88.35119047619048,99.75,54.5,14751.0,87.80357142857144,345.0,4.0,32049.0,190.76785714285714,355.75,7.0,31832.25,189.47767857142856,2.3,0.0,56.9,0.3386904761904762,1.9500000000000002,0.0,32.175,0.19151785714285713,0.24895833333333334,0.022321428571428575
2018-04-29 00:00:00+00:00,1.3166666666666669,0.6155555555555555,0.6944444444444444,,,3.6,0.0,12.0,0.07142857142857142,12.049999999999999,0.0,54.55,0.32470238095238096,912.6,908.6,152919.0,910.2321428571429,912.475,906.2,152712.925,909.0055059523809,3100.9,3.6,110772.88461538461,659.3624084249084,3222.3500000000004,3.374999999999999,98625.35096153845,587.055660485348,24.3,12.2,3004.6,17.88452380952381,24.5,12.975000000000001,3030.2,18.03690476190476,20.5,11.0,2634.2,15.679761904761904,19.375,11.925,2701.15,16.07827380952381,99.0,56.0,14763.0,87.875,99.5,55.0,14980.25,89.16815476190476,351.0,14.0,35253.0,209.83928571428572,353.75,7.5,31899.75,189.87946428571428,2.0,0.0,30.6,0.18214285714285716,1.7999999999999998,0.0,28.474999999999998,0.16949404761904763,0.22410714285714284,-0.0248511904761905
2018-05-06 00:00:00+00:00,1.2641666666666669,0.5555555555555556,0.6294444444444445,,,25.0,0.0,61.8,0.3678571428571428,11.25,0.0,45.2,0.26904761904761904,912.4,907.8,152888.3,910.0494047619047,913.2,907.9,152943.175,910.3760416666667,2917.6,0.6,108107.76923076923,643.4986263736264,3060.725,3.474999999999999,103686.55192307691,617.1818566849817,24.3,11.7,2900.3,17.263690476190476,24.0,12.174999999999999,2935.725,17.474553571428572,18.6,10.8,2545.1,15.149404761904762,18.925,10.899999999999999,2577.725,15.34360119047619,99.0,50.0,14859.0,88.44642857142857,99.25,53.25,14827.75,88.26041666666667,353.0,9.0,31355.0,186.63690476190476,352.0,8.75,32271.5,192.0922619047619,2.5,0.0,30.8,0.18333333333333335,1.9499999999999997,0.0,32.0,0.1904761904761905,0.19940476190476192,-0.02470238095238092
2018-05-13 00:00:00+00:00,0.925,0.4777777777777777,0.5077777777777778,,,29.2,0.0,145.6,0.8666666666666666,16.3,0.0,69.44999999999999,0.4133928571428571,913.1,904.7,152813.2,909.602380952381,913.1999999999999,907.125,152920.97499999998,910.2438988095238,2821.0,0.2,93457.11373626374,556.2923436682365,2976.7999999999997,3.024999999999999,101412.74574175823,603.6472960818943,25.5,10.7,2796.4,16.645238095238096,23.975,11.45,2849.7999999999997,16.96309523809524,17.3,10.2,2448.4,14.573809523809524,18.35,10.175,2493.825,14.84419642857143,100.0,50.0,14916.0,88.78571428571429,99.25,52.25,14845.25,88.36458333333333,359.0,2.0,30160.0,179.52380952380952,352.0,7.25,32204.25,191.69196428571428,3.0,0.0,58.800000000000004,0.35000000000000003,2.4499999999999997,0.0,44.275000000000006,0.2635416666666667,0.17723214285714284,-0.02217261904761908
2018-05-20 00:00:00+00:00,0.7641666666666667,0.3683333333333333,0.4305555555555556,,,21.2,0.0,31.4,0.1869047619047619,19.75,0.0,62.699999999999996,0.3732142857142857,911.5,899.6,152321.1,906.6732142857143,912.4,905.1750000000001,152735.4,909.1392857142857,2557.4,0.0,79502.41428571429,473.22865646258504,2849.2250000000004,1.0999999999999992,97960.04546703298,583.0955087323391,24.4,11.7,2987.2,17.780952380952378,24.625,11.575,2922.125,17.39360119047619,18.0,6.5,2560.4,15.24047619047619,18.6,9.625,2547.0249999999996,15.160863095238096,100.0,45.0,14430.0,85.89285714285714,99.5,50.25,14742.0,87.75,352.0,7.0,36947.0,219.92261904761904,353.75,8.0,33428.75,198.98065476190476,3.5,0.0,139.3,0.8291666666666667,2.75,0.0,64.875,0.3861607142857143,0.17842261904761905,0.001190476190476214
2018-05-27 00:00:00+00:00,0.6969444444444445,0.34333333333333327,0.4103703703703704,,,0.4,0.0,2.0,0.011904761904761904,18.95,0.0,60.199999999999996,0.35833333333333334,914.8,905.2,153033.0,910.9107142857143,912.95,904.325,152763.9,909.3089285714286,2644.5,0.2,95117.0142857143,566.1727040816327,2735.125,0.2499999999999991,94046.0778846154,559.7980826465202,21.2,7.3,2347.9,13.975595238095238,23.85,10.349999999999998,2757.9500000000003,16.416369047619046,15.6,7.2,2018.5,12.014880952380953,17.375,8.675,2393.1000000000004,14.244642857142857,100.0,58.0,14971.0,89.11309523809524,99.75,50.75,14794.0,88.05952380952382,360.0,1.0,31047.0,184.80357142857142,356.0,4.75,32377.25,192.72172619047618,2.0,0.0,37.2,0.22142857142857145,2.75,0.0,66.525,0.3959821428571429,0.21220238095238098,0.033779761904761924
2018-06-03 00:00:00+00:00,0.6297222222222222,0.3183333333333333,0.3901851851851852,,,1.6,0.0,5.6,0.03333333333333333,13.1,0.0,46.15,0.2747023809523809,915.8,906.3,153030.5,910.8958333333334,913.8,903.95,152799.45,909.5205357142856,2777.8,0.5499999999999999,88106.725,524.4447916666667,2700.175,0.2374999999999991,89045.81682692308,530.0346239697802,23.5,9.2,2634.5,15.681547619047619,23.65,9.725,2691.5,16.020833333333332,17.0,9.1,2154.082608695652,12.821920289855072,16.975,8.25,2295.345652173913,13.662771739130434,100.0,44.0,14134.0,84.13095238095238,100.0,49.25,14612.75,86.98065476190476,332.0,12.0,34041.0,202.625,350.75,5.5,33048.75,196.71875,2.5,0.0,73.6,0.43809523809523804,2.75,0.0,77.22500000000001,0.4596726190476191,0.21011904761904762,-0.0020833333333333537
2018-06-10 00:00:00+00:00,0.5625,0.2933333333333333,0.37,,,4.2,0.0,44.2,0.2630952380952381,6.85,0.0,20.799999999999994,0.12380952380952381,914.2,903.6,152728.3,909.0970238095238,914.075,903.675,152778.225,909.3941964285714,2547.2,0.1,49904.625,297.0513392857143,2631.7250000000004,0.2124999999999991,78157.69464285715,465.22437287414965,21.2,12.4,2660.4,15.835714285714285,22.575,10.15,2657.5,15.81845238095238,17.1,12.8,2599.7673913043477,15.474805900621117,16.925,8.9,2333.1875,13.888020833333332,100.0,73.0,15072.5,89.7172619047619,100.0,55.0,14651.875,87.21354166666666,360.0,2.0,29311.0,174.4702380952381,351.0,5.5,32836.5,195.45535714285714,3.1,0.0,136.6,0.8130952380952381,2.7750000000000004,0.0,96.675,0.5754464285714286,0.18809523809523807,-0.022023809523809557
2018-06-17 00:00:00+00:00,0.5625,0.25,0.2988888888888888,,,4.4,0.0,34.6,0.20595238095238097,2.6500000000000004,0.0,21.599999999999994,0.1285714285714286,916.0,905.7,153006.5,910.7529761904761,915.2,905.2,152949.575,910.4141369047618,2357.2,0.0,49351.5,293.75892857142856,2581.675,0.21249999999999908,70619.96607142857,420.35694090136053,25.4,13.5,2746.8,16.35,22.825,10.6,2597.4,15.460714285714285,17.0,13.1,2672.047368421053,15.905043859649124,16.675,10.55,2361.099342105263,14.054162750626567,100.0,48.0,15686.605263157895,93.37265037593986,100.0,55.75,14966.026315789473,89.08348997493735,358.0,2.0,28328.0,168.61904761904762,352.5,4.25,30681.75,182.62946428571428,2.6,0.0,75.1,0.4470238095238095,2.5500000000000003,0.0,80.625,0.4799107142857143,0.19151785714285713,0.003422619047619063
2018-06-24 00:00:00+00:00,0.5625,0.2544444444444445,0.3161111111111111,,,0.2,0.0,0.4,0.002380952380952381,2.6,0.0,21.199999999999996,0.12619047619047621,916.5,908.6,153289.1,912.4351190476191,915.625,906.0500000000001,153013.6,910.7952380952381,2752.0,0.6,78342.56538461539,466.32479395604395,2608.55,0.3124999999999991,66426.35384615386,395.39496336996336,23.3,10.1,2597.9,15.463690476190477,23.349999999999998,11.3,2659.9,15.832738095238096,15.61578947368421,7.3,2187.5026315789473,13.020848997493735,16.678947368421053,10.575,2403.35,14.305654761904762,100.0,37.0,14004.894736842105,83.3624686716792,100.0,50.5,14724.5,87.64583333333333,350.0,4.0,35564.0,211.6904761904762,350.0,5.0,31811.0,189.35119047619048,2.9,0.0,30.2,0.17976190476190476,2.7750000000000004,0.0,78.875,0.4694940476190476,0.16949404761904763,-0.0220238095238095
2018-07-01 00:00:00+00:00,0.625,0.2833333333333333,0.3383333333333333,,,0.0,0.0,0.0,0.0,2.2,0.0,19.799999999999997,0.11785714285714287,912.8,906.3,152745.1,909.1970238095239,914.875,906.05,152942.25,910.3705357142858,2542.0,1.8,99838.05384615385,594.27413003663,2549.6,0.6249999999999991,69359.1860576923,412.85229796245426,24.3,10.6,2767.9,16.475595238095238,23.55,11.65,2693.25,16.03125,15.2,4.2,1814.9,10.80297619047619,16.228947368421053,9.350000000000001,2318.554347826087,13.800918737060043,99.0,29.0,12091.0,71.9702380952381,99.75,46.75,14213.75,84.60565476190476,347.0,13.0,38791.0,230.89880952380952,353.75,5.25,32998.5,196.41964285714286,2.3,0.0,77.7,0.4625,2.725,0.0,79.89999999999999,0.47559523809523807,0.1904761904761905,0.020982142857142866
2018-07-08 00:00:00+00:00,0.6666666666666666,0.3983333333333333,0.4627777777777778,,,0.4,0.0,1.0,0.005952380952380952,1.25,0.0,8.999999999999993,0.053571428571428575,912.3,906.3,152742.6,909.1821428571429,914.4,906.725,152945.825,910.3918154761905,2521.6,0.0,92388.02307692308,549.9287087912088,2543.2,0.5999999999999991,79980.03557692308,476.0716403388278,23.6,10.6,2767.0,16.470238095238095,24.150000000000002,11.2,2719.9,16.189880952380953,16.2,4.7,1946.2,11.58452380952381,16.003947368421052,7.325,2155.1625000000004,12.828348214285715,100.0,34.0,12732.0,75.78571428571429,99.75,37.0,13628.625,81.12276785714286,360.0,4.0,35354.0,210.4404761904762,353.75,5.75,34509.25,205.4122023809524,2.0,0.0,48.0,0.2857142857142857,2.45,0.0,57.75,0.34375000000000006,0.2635416666666667,0.07306547619047618
2018-07-15 00:00:00+00:00,0.7083333333333334,0.4183333333333333,0.4888888888888889,,,6.0,0.0,20.4,0.12142857142857141,1.65,0.0,5.449999999999992,0.032440476190476186,913.9,907.6,152925.0,910.2678571428571,913.875,907.1999999999999,152925.45,910.2705357142856,2788.0,0.7,68918.11538461539,410.22687728937734,2650.9,0.774999999999999,84871.68942307692,505.18862751831506,22.8,8.1,2278.5,13.5625,23.5,9.85,2602.825,15.493005952380953,16.1,7.8,1842.9,10.969642857142858,15.778947368421052,6.0,1947.8756578947368,11.594497963659148,100.0,40.0,14407.0,85.75595238095238,99.75,35.0,13308.723684210527,79.21859335839599,356.0,5.0,30320.0,180.47619047619048,353.25,6.5,35007.25,208.37648809523807,2.6,0.0,55.8,0.33214285714285713,2.45,0.0,52.925,0.31502976190476195,0.3861607142857143,0.12261904761904763
2018-07-22 00:00:00+00:00,0.7358333333333333,0.32,0.435,,,1.2,0.0,2.4,0.014285714285714285,1.9,0.0,5.949999999999992,0.035416666666666666,914.2,907.9,153081.8,911.2011904761904,913.3,907.025,152873.625,909.9620535714286,2670.7,2.1,106631.60769230769,634.7119505494505,2630.575,1.1499999999999992,91943.95000000001,547.2854166666666,24.6,9.9,2768.6,16.479761904761904,23.825000000000003,9.8,2645.5,15.74702380952381,15.6,5.6,1909.8,11.367857142857142,15.775,5.575,1878.4499999999998,11.181250000000002,100.0,31.0,12482.0,74.29761904761905,99.75,33.5,12928.0,76.95238095238095,348.0,8.0,31586.0,188.01190476190476,352.75,7.5,34012.75,202.45684523809524,2.7,0.0,114.2,0.6797619047619048,2.4,0.0,73.92500000000001,0.44002976190476195,0.3959821428571429,0.009821428571428592
2018-07-29 00:00:00+00:00,0.8125,0.36,0.4211111111111111,,,27.0,0.0,33.0,0.19642857142857142,8.65,0.0,14.199999999999992,0.08452380952380953,915.8,906.4,153231.5,912.0922619047619,914.05,907.0500000000001,152995.225,910.6858630952381,2796.5,6.0,111178.93846153846,661.7793956043956,2694.2,2.1999999999999993,94779.17115384617,564.161733058608,24.0,10.2,2621.3,15.602976190476191,23.75,9.7,2608.8500000000004,15.528869047619047,15.7,8.2,1987.6,11.83095238095238,15.9,6.575,1921.625,11.438244047619047,100.0,37.0,13543.0,80.61309523809524,100.0,35.5,13291.0,79.11309523809524,360.0,9.0,35483.0,211.20833333333334,356.0,6.5,33185.75,197.5342261904762,2.3,0.0,54.4,0.3238095238095238,2.4,0.0,68.1,0.4053571428571429,0.4596726190476191,0.06369047619047619
2018-08-05 00:00:00+00:00,0.7708333333333334,0.3433333333333333,0.4655555555555556,,,6.2,0.0,67.4,0.4011904761904762,10.100000000000001,0.0,30.799999999999994,0.18333333333333335,910.8,903.7,152470.2,907.5607142857143,913.675,906.4,152927.125,910.280505952381,2639.6,1.8,54622.11538461538,325.1316391941392,2723.7,2.6499999999999995,85337.69423076924,507.96246565934064,24.2,12.9,2621.6,15.604761904761904,23.9,10.275,2572.5,15.3125,17.7,9.8,2336.7,13.90892857142857,16.275,7.85,2019.25,12.019345238095237,100.0,40.0,15268.0,90.88095238095238,100.0,37.0,13925.0,82.88690476190476,350.0,3.0,30712.0,182.8095238095238,353.5,6.25,32025.25,190.6264880952381,2.6,0.0,69.5,0.41369047619047616,2.55,0.0,73.475,0.43735119047619053,0.5754464285714286,0.1157738095238095
2018-08-12 00:00:00+00:00,0.7291666666666666,0.35,0.4722222222222222,,,7.0,0.0,23.6,0.14047619047619048,10.350000000000001,0.0,31.599999999999994,0.1880952380952381,913.0,903.0,152649.4,908.6273809523809,913.45,905.25,152858.225,909.870386904762,2968.0,1.0,86787.73846153847,516.5936813186813,2768.7,2.7249999999999996,89805.1,534.5541666666667,24.2,8.3,2514.9,14.969642857142858,24.25,10.325,2631.6000000000004,15.664285714285715,17.0,7.5,2146.85,12.778869047619047,16.5,7.775,2095.2374999999997,12.471651785714286,100.0,34.0,14706.0,87.53571428571429,100.0,35.5,13999.75,83.33184523809524,360.0,1.0,27718.0,164.98809523809524,354.5,5.25,31374.75,186.7544642857143,3.8,0.0,126.9,0.7553571428571428,2.85,0.0,91.25,0.543154761904762,0.4799107142857143,-0.09553571428571428
2018-08-19 00:00:00+00:00,0.7916666666666666,0.4427777777777777,0.5094444444444445,,,7.8,0.0,29.6,0.1761904761904762,12.0,0.0,38.39999999999999,0.2285714285714286,915.9,907.2,153136.8,911.5285714285714,913.875,905.075,152871.975,909.9522321428572,3232.0,4.4,83906.23076923077,499.4418498168498,2909.025,3.299999999999999,84123.75576923077,500.7366414835165,21.3,8.5,2300.4,13.692857142857143,23.425,9.975,2514.55,14.967559523809525,15.3,7.1,2010.4,11.966666666666667,16.425,8.15,2120.3875,12.621354166666665,100.0,51.0,14538.5,86.53869047619048,100.0,40.5,14513.875,86.3921130952381,357.0,8.0,26901.0,160.125,356.75,5.25,30203.5,179.7827380952381,2.1,0.0,35.4,0.21071428571428572,2.6999999999999997,0.0,71.55,0.4258928571428572,0.4694940476190476,-0.010416666666666685
2018-08-26 00:00:00+00:00,0.7291666666666666,0.5433333333333333,0.565,,,2.8,0.0,16.0,0.09523809523809523,5.950000000000001,0.0,34.14999999999999,0.20327380952380955,914.2,906.8,153029.9,910.8922619047619,913.4749999999999,905.175,152821.575,909.6522321428571,3025.5,11.9,100248.49230769232,596.7172161172161,2966.275,4.7749999999999995,81391.14423076923,484.47109661172163,23.8,9.7,2763.6,16.45,23.375,9.85,2550.125,15.179315476190478,14.5,6.9,1968.5785714285714,11.717729591836735,16.125,7.825,2115.6321428571428,12.593048469387755,100.0,38.0,12667.5,75.40178571428571,100.0,40.75,14295.0,85.08928571428572,343.0,2.0,34133.0,203.17261904761904,352.5,3.5,29866.0,177.77380952380952,3.0,0.0,111.8,0.6654761904761904,2.875,0.0,85.9,0.5113095238095239,0.47559523809523807,0.0061011904761904545
2018-09-02 00:00:00+00:00,0.7358333333333333,0.6044444444444445,0.5766666666666667,,,1.0,0.0,4.8,0.02857142857142857,4.650000000000001,0.0,18.499999999999993,0.11011904761904763,915.8,904.5,152993.3,910.6744047619047,914.725,905.375,152952.34999999998,910.4306547619046,3216.2,13.6,119365.1,710.5065476190476,3110.425,7.725,97576.8903846154,580.8148237179487,26.4,11.1,2811.4,16.73452380952381,23.925,9.4,2597.575,15.461755952380953,14.7,8.0,2035.8714285714286,12.11828231292517,15.375,7.375,2040.425,12.145386904761907,100.0,36.0,12597.0,74.98214285714286,100.0,39.75,13627.25,81.11458333333333,354.0,17.0,33767.0,200.99404761904762,353.5,7.0,30629.75,182.31994047619048,2.6,0.0,154.9,0.9220238095238096,2.875,0.0,107.25,0.6383928571428572,0.34375000000000006,-0.13184523809523802
2018-09-09 00:00:00+00:00,0.6875,0.5,0.5,,,2.8,0.0,7.0,0.041666666666666664,3.600000000000001,0.0,14.349999999999993,0.08541666666666668,913.7,899.8,152597.4,908.3178571428571,914.9,904.575,152939.34999999998,910.3532738095237,3385.1,0.0,117223.96923076923,697.7617216117217,3214.7,7.475,105185.94807692309,626.1068337912088,27.2,8.1,2483.4,14.782142857142858,24.675,9.35,2589.7,15.414880952380953,16.6,6.9,1920.8633333333335,11.433710317460319,15.275,7.225,1983.9283333333335,11.809097222222222,100.0,34.0,13505.866666666667,80.3920634920635,100.0,39.75,13327.216666666667,79.32867063492064,358.0,7.0,29774.0,177.22619047619048,353.0,8.5,31143.75,185.37946428571428,2.5,0.0,130.3,0.7755952380952381,2.55,0.0,108.10000000000001,0.643452380952381,0.31502976190476195,-0.028720238095238104
2018-09-16 00:00:00+00:00,0.7083333333333334,0.4166666666666667,0.4166666666666667,,,8.6,0.0,50.199999999999996,0.2988095238095238,3.8000000000000007,0.0,19.499999999999993,0.11607142857142858,911.6,901.6,152426.7,907.3017857142858,913.825,903.175,152761.825,909.2965773809524,3278.7,0.1,60467.75,359.9270833333333,3226.375,6.3999999999999995,99326.32788461538,591.2281421703296,21.8,12.1,2548.2,15.167857142857141,24.8,10.25,2651.65,15.783630952380953,16.6,10.4,2249.0192753623187,13.387019496204278,15.6,8.05,2043.583152173913,12.164185429606626,100.0,63.0,14235.894202898551,84.73746549344375,100.0,42.75,13251.565217391304,78.87836438923395,360.0,9.0,30821.0,183.45833333333334,353.75,8.75,32123.75,191.21279761904762,3.1,0.0,84.2,0.5011904761904762,2.8000000000000003,0.0,120.3,0.7160714285714286,0.44002976190476195,0.125
2018-09-23 00:00:00+00:00,0.6875,0.4166666666666667,0.5,,,8.2,0.0,35.199999999999996,0.2095238095238095,5.15,0.0,24.29999999999999,0.14464285714285716,909.4,903.2,152241.1,906.1970238095239,912.625,902.2750000000001,152564.625,908.1227678571429,3455.3,0.1,91240.075,543.0956845238095,3333.825,3.449999999999999,97074.22355769231,577.822759271978,26.4,12.0,3098.3,18.442261904761907,25.450000000000003,10.825,2735.325,16.28169642857143,19.3,11.8,2680.2673913043477,15.953972567287783,16.8,9.275,2221.505357142857,13.223246173469388,100.0,49.0,13730.739130434782,81.7305900621118,100.0,45.5,13517.375,80.46056547619048,358.0,5.0,35504.0,211.33333333333334,357.5,9.5,32466.5,193.2529761904762,3.0,0.0,131.2,0.7809523809523808,2.8000000000000003,0.0,125.14999999999999,0.7449404761904762,0.4053571428571429,-0.034672619047619035
2018-09-30 00:00:00+00:00,0.75,0.3772222222222222,0.3611111111111111,,,4.6,0.0,23.0,0.13690476190476192,6.050000000000001,0.0,28.84999999999999,0.17172619047619048,908.9,903.4,152275.3,906.4005952380952,910.9,902.0,152385.125,907.0543154761904,3452.9,4.9,112769.825,671.2489583333333,3393.0,1.2749999999999992,95425.4048076923,568.0083619505494,28.0,12.8,3301.3,19.65059523809524,25.85,11.25,2857.8,17.010714285714286,19.5,9.9,2577.85,15.344345238095238,18.0,9.75,2357.0,14.029761904761903,100.0,42.0,12551.0,74.70833333333333,100.0,47.0,13505.875,80.3921130952381,352.0,7.0,32881.0,195.7202380952381,357.0,7.0,32245.0,191.93452380952382,1.9,0.0,84.5,0.5029761904761905,2.625,0.0,107.55,0.6401785714285715,0.43735119047619053,0.031994047619047616
2018-10-07 00:00:00+00:00,0.7708333333333334,0.4088888888888889,0.3888888888888889,,,5.2,0.0,51.6,0.30714285714285716,6.650000000000001,0.0,39.99999999999999,0.23809523809523814,910.9,903.7,152402.6,907.1583333333334,910.2,902.975,152336.425,906.7644345238095,3484.5,0.2,67615.075,402.4706845238095,3417.8500000000004,1.3249999999999993,83023.18125,494.1856026785714,29.3,11.5,3082.6,18.348809523809525,26.375,12.1,3007.6,17.902380952380952,19.7,8.8,2453.95,14.606845238095238,18.775,10.225000000000001,2490.2716666666665,14.823045634920634,99.0,34.0,13768.0,81.95238095238095,99.75,47.0,13571.408333333333,80.78219246031745,360.0,1.0,32274.0,192.10714285714286,357.5,5.5,32870.0,195.65476190476193,2.6,0.0,89.9,0.5351190476190476,2.65,0.0,97.44999999999999,0.5800595238095239,0.543154761904762,0.10580357142857144
2018-10-14 00:00:00+00:00,0.8125,0.4444444444444444,0.4444444444444444,,,6.2,0.0,68.8,0.4095238095238095,6.050000000000001,0.0,44.64999999999999,0.2657738095238095,910.3,903.5,152285.6,906.4619047619047,909.8749999999999,903.45,152301.15000000002,906.5544642857144,3420.0,8.6,73729.95,438.86875,3453.175,3.4499999999999993,86338.73125,513.921019345238,28.6,16.2,3352.4,19.954761904761906,28.075,13.125,3208.65,19.099107142857143,21.4,13.2,2812.802380952381,16.742871315192744,19.975,10.925,2631.217443064182,15.662008589667751,100.0,43.0,13066.095238095239,77.77437641723357,99.75,42.0,13278.958592132505,79.04142019126492,351.0,8.0,31110.0,185.17857142857142,355.25,5.25,32942.25,196.08482142857142,3.1,0.0,122.2,0.7273809523809524,2.6500000000000004,0.0,106.95,0.6366071428571428,0.4258928571428572,-0.11726190476190479
2018-10-21 00:00:00+00:00,1.0208333333333333,0.3705555555555555,0.3705555555555555,,,17.0,0.0,148.8,0.8857142857142858,8.25,0.0,73.05,0.43482142857142864,908.8,901.0,152072.2,905.1916666666667,909.725,902.9000000000001,152258.925,906.303125,3572.4,0.0,63393.675,377.3433035714286,3482.4500000000003,3.4249999999999994,79377.13124999999,472.4829241071428,23.0,9.8,2871.1,17.089880952380952,27.225,12.575,3151.85,18.761011904761904,19.7,7.6,2714.697619047619,16.15891439909297,20.075,9.875,2639.825,15.713244047619048,100.0,63.0,14651.004761904762,87.20836167800454,99.75,45.5,13509.025,80.4108630952381,357.0,3.0,28279.0,168.32738095238096,355.0,4.75,31136.0,185.33333333333331,2.5,0.0,100.8,0.6,2.5250000000000004,0.0,99.35,0.5913690476190476,0.5113095238095239,0.0854166666666667
2018-10-28 00:00:00+00:00,0.7083333333333334,0.3644444444444444,0.3611111111111111,,,2.0,0.0,24.8,0.14761904761904762,7.6000000000000005,0.0,73.5,0.4375,909.3,895.9,152008.9,904.8148809523809,909.8249999999999,901.0250000000001,152192.325,905.9066964285714,3893.1,8.6,85168.475,506.95520833333336,3592.5,4.35,72476.79375,431.40948660714287,25.8,12.8,2942.4,17.514285714285716,26.675000000000004,12.575,3062.125,18.226934523809526,19.6,10.3,2614.35,15.561607142857142,20.1,9.975000000000001,2648.95,15.767559523809524,100.0,49.0,14185.4,84.43690476190476,99.75,47.25,13917.625,82.84300595238096,357.0,8.0,30119.0,179.2797619047619,356.25,5.0,30445.5,181.22321428571428,3.6,0.0,118.2,0.7035714285714286,2.95,0.0,107.775,0.6415178571428573,0.6383928571428572,0.12708333333333333
2018-11-04 00:00:00+00:00,0.8125,0.4238888888888888,0.3794444444444445,,,4.2,0.0,25.4,0.15119047619047618,7.3500000000000005,0.0,66.94999999999999,0.39851190476190484,909.8,901.2,152171.0,905.7797619047619,909.55,900.4,152134.42500000002,905.5620535714286,3696.4,11.0,83230.775,495.4212797619047,3645.4750000000004,7.049999999999999,76380.71875,454.64713541666663,27.5,12.4,3086.7,18.373214285714283,26.225,12.8,3063.1499999999996,18.233035714285716,19.6,11.0,2638.5625,15.705729166666666,20.075,10.524999999999999,2695.103125,16.04228050595238,100.0,50.0,13844.75,82.40922619047619,100.0,51.25,13936.8125,82.95721726190476,357.0,2.0,28997.0,172.60119047619048,355.5,5.25,29626.25,176.34672619047618,2.8,0.0,99.7,0.593452380952381,3.0,0.0,110.22500000000001,0.6561011904761905,0.643452380952381,0.0050595238095237915
2018-11-11 00:00:00+00:00,0.7916666666666666,0.3611111111111111,0.3611111111111111,,,19.4,0.0,151.8,0.9035714285714287,10.65,0.0,87.69999999999999,0.5220238095238097,911.3,903.8,152443.05,907.399107142857,909.8,900.4749999999999,152173.7875,905.7963541666667,2793.3,0.0,78744.025,468.7144345238095,3488.8,4.899999999999999,77634.2375,462.108556547619,23.2,13.8,2910.2,17.322619047619046,24.875,12.2,2952.6,17.575,17.59375,10.1,2322.0875,13.821949404761906,19.1234375,9.75,2572.424404761905,15.312050028344672,91.0,50.0,12840.75,76.43303571428571,97.75,53.0,13880.47619047619,82.6218820861678,346.0,15.0,30656.0,182.47619047619048,354.25,7.0,29512.75,175.67113095238096,1.9,0.0,93.6,0.5571428571428572,2.6999999999999997,0.0,103.07499999999999,0.6135416666666667,0.7160714285714286,0.07261904761904758
2018-11-18 00:00:00+00:00,0.9166666666666666,0.3611111111111111,0.3611111111111111,,,10.6,0.0,40.4,0.24047619047619045,9.05,0.0,60.599999999999994,0.3607142857142858,910.4,902.1,152237.3,906.1744047619047,910.1999999999999,900.75,152215.0625,906.0420386904761,3870.8,0.2,119566.22045454546,711.7036931818182,3563.4,4.949999999999999,91677.37386363637,545.6986539502163,28.0,15.5,3440.3,20.47797619047619,26.125,13.625,3094.8999999999996,18.422023809523807,18.3,11.9,2471.1,14.70892857142857,18.7734375,10.825,2511.525,14.94955357142857,89.0,38.0,11944.0,71.0952380952381,95.0,46.75,13203.725,78.59360119047619,360.0,1.0,32816.0,195.33333333333334,355.0,6.5,30647.0,182.42261904761907,3.1,0.0,142.2,0.8464285714285713,2.85,0.0,113.42500000000001,0.6751488095238096,0.7449404761904762,0.028869047619047628
2018-11-25 00:00:00+00:00,0.875,0.3288888888888889,0.3288888888888889,,,12.8,0.0,91.0,0.5416666666666666,11.75,0.0,77.14999999999999,0.4592261904761905,910.7,903.6,152361.0,906.9107142857143,910.55,902.6750000000001,152303.0875,906.5659970238095,3522.7,0.0,75684.82454545454,450.504908008658,3470.7999999999997,2.799999999999999,89306.46125,531.5860788690476,23.9,12.7,3146.6,18.729761904761904,25.65,13.600000000000001,3145.95,18.725892857142856,16.9,8.2,2093.8,12.463095238095239,18.098437500000003,10.3,2381.3875,14.174925595238095,89.0,46.0,11511.0,68.51785714285714,92.25,46.0,12535.125,74.61383928571428,330.0,3.0,37110.0,220.89285714285714,348.25,5.25,32394.75,192.82589285714286,3.7,0.0,277.3,1.6505952380952382,2.875,0.0,153.2,0.911904761904762,0.6401785714285715,-0.10476190476190472
2018-12-02 00:00:00+00:00,0.8058333333333333,0.3366666666666666,0.3516666666666667,,,16.4,0.0,72.39999999999999,0.4309523809523809,14.799999999999999,0.0,88.89999999999999,0.5291666666666667,910.3,898.2,152018.3,904.8708333333333,910.675,901.925,152264.91249999998,906.3387648809523,3995.8,0.2,101231.03,602.5656547619047,3545.65,0.09999999999999912,93806.525,558.3721726190475,25.7,15.0,3162.3,18.823214285714286,25.199999999999996,14.25,3164.85,18.838392857142857,18.3,11.5,2570.3,15.299404761904762,17.7734375,10.425,2364.321875,14.07334449404762,90.0,41.0,13596.0,80.92857142857143,89.75,43.75,12472.9375,74.24367559523809,357.0,2.0,29126.0,173.36904761904762,348.25,5.25,32427.0,193.01785714285714,2.6,0.0,62.2,0.37023809523809526,2.825,0.0,143.825,0.8561011904761906,0.5800595238095239,-0.06011904761904763
2018-12-09 00:00:00+00:00,0.9166666666666666,0.3055555555555556,0.3055555555555556,,,13.4,0.0,128.0,0.7619047619047619,13.299999999999999,0.0,82.94999999999999,0.49375,912.6,899.3,152083.0,905.2559523809524,911.0,900.8,152174.9,905.8029761904762,4413.9,0.1,107761.5090909091,641.4375541125542,3950.8,0.12499999999999911,101060.89602272728,601.5529525162337,27.6,8.9,2863.8,17.04642857142857,26.3,13.025,3153.25,18.769345238095237,17.9,7.7,2352.5,14.00297619047619,17.849999999999998,9.825,2371.925,14.11860119047619,92.0,43.0,13986.0,83.25,90.0,42.0,12759.25,75.94791666666667,358.0,1.0,24618.0,146.53571428571428,351.25,1.75,30917.5,184.0327380952381,2.8,0.0,111.7,0.6648809523809524,3.05,0.0,148.35,0.8830357142857144,0.6366071428571428,0.05654761904761896
2018-12-16 00:00:00+00:00,0.8608333333333333,0.3011111111111111,0.3055555555555556,,,7.4,0.0,8.0,0.047619047619047616,12.5,0.0,74.85,0.4455357142857143,913.7,907.0,152867.0,909.922619047619,911.825,902.025,152332.32499999998,906.7400297619047,3981.3,0.5,157410.47727272726,936.9671266233765,3978.425,0.19999999999999912,110521.96022727272,657.8688108766233,28.9,14.9,3537.2,21.054761904761904,26.525,12.875,3177.4750000000004,18.913541666666667,21.9,7.8,2652.6,15.789285714285715,18.75,8.8,2417.3,14.388690476190478,99.0,34.0,12443.0,74.06547619047619,92.5,41.0,12884.0,76.69047619047619,318.0,10.0,32562.0,193.82142857142858,340.75,4.0,30854.0,183.6547619047619,2.3,0.0,98.7,0.5875,2.85,0.0,137.475,0.8183035714285716,0.5913690476190476,-0.04523809523809519
2018-12-23 00:00:00+00:00,0.5625,0.2638888888888889,0.2638888888888889,,,65.6,0.0,107.39999999999999,0.6392857142857142,25.699999999999996,0.0,78.94999999999999,0.46994047619047624,910.0,901.8,152208.3,906.0017857142857,911.6500000000001,901.575,152294.15,906.5127976190477,3951.0,1.0,145744.36363636365,867.525974025974,4085.5,0.4499999999999991,128036.845,762.1240773809524,29.8,17.3,3721.2,22.15,28.0,14.025,3321.125,19.76860119047619,22.6,16.0,3175.7,18.90297619047619,20.175,10.75,2687.775,15.998660714285714,100.0,48.0,14061.0,83.69642857142857,95.25,41.5,13521.5,80.48511904761905,360.0,7.0,29426.0,175.1547619047619,348.25,5.0,28933.0,172.2202380952381,2.2,0.0,65.3,0.3886904761904762,2.4749999999999996,0.0,84.475,0.502827380952381,0.6415178571428573,0.05014880952380962
2018-12-30 00:00:00+00:00,0.6666666666666666,0.3425925925925926,0.3425925925925926,,,35.0,0.0,157.6,0.9380952380952381,30.349999999999994,0.0,100.24999999999999,0.5967261904761905,907.2,901.6,151931.9,904.3565476190475,910.875,902.4250000000001,152272.55,906.3842261904762,3572.6,1.9,87434.24545454545,520.4419372294373,3979.7,0.8749999999999991,124587.64886363636,741.5931479978354,25.3,15.9,3183.5,18.949404761904763,27.900000000000002,14.25,3326.4249999999997,19.80014880952381,21.6,15.7,3081.6,18.34285714285714,21.0,11.8,2815.6,16.75952380952381,100.0,69.0,16233.0,96.625,97.75,48.5,14180.75,84.40922619047619,357.0,4.0,27076.0,161.16666666666666,348.25,5.5,28420.5,169.16964285714286,1.7,0.0,17.6,0.10476190476190476,2.25,0.0,73.325,0.4364583333333334,0.6561011904761905,0.014583333333333282
2019-01-06 00:00:00+00:00,0.7708333333333334,0.4212962962962963,0.4212962962962963,,,28.0,0.0,155.4,0.925,34.0,0.0,107.1,0.6375000000000001,909.2,902.9,152205.3,905.9839285714285,910.0250000000001,903.325,152303.125,906.5662202380952,3876.2,0.8,149727.05909090908,891.2324945887445,3845.275,1.0499999999999992,135079.03636363638,804.041883116883,29.3,17.9,3653.6,21.747619047619047,28.325,16.5,3523.875,20.975446428571427,24.1,11.5,3235.0,19.25595238095238,22.55,12.75,3036.225,18.072767857142857,100.0,35.0,14705.0,87.5297619047619,99.75,46.5,14360.5,85.47916666666666,343.0,15.0,37305.0,222.05357142857142,344.5,9.0,31592.25,188.04910714285714,4.6,0.0,87.6,0.5214285714285714,2.7,0.0,67.3,0.4005952380952381,0.6135416666666667,-0.04255952380952388
2019-01-13 00:00:00+00:00,0.875,0.5,0.5,,,0.4,0.0,1.2000000000000002,0.0071428571428571435,32.24999999999999,0.0,105.39999999999999,0.6273809523809525,909.4,906.1,152501.3,907.7458333333333,908.95,903.1,152211.7,906.0220238095237,4120.3,14.5,172400.0181818182,1026.1905844155845,3880.0249999999996,4.549999999999999,138826.4215909091,826.347747564935,30.0,15.9,3746.9,22.30297619047619,28.6,16.75,3576.2999999999997,21.287499999999998,21.0,10.7,2942.2,17.513095238095236,22.325000000000003,13.475,3108.6249999999995,18.503720238095237,99.0,39.0,12835.0,76.39880952380952,99.75,47.75,14458.5,86.0625,343.0,7.0,33492.0,199.35714285714286,350.75,8.25,31824.75,189.43303571428572,2.7,0.0,84.8,0.5047619047619047,2.8,0.0,63.825,0.3799107142857143,0.6751488095238096,0.06160714285714297
2019-01-20 00:00:00+00:00,1.0,0.4627777777777778,0.5277777777777778,,,7.6,0.0,26.2,0.15595238095238095,17.749999999999996,0.0,85.1,0.5065476190476191,910.0,904.1,152407.7,907.1886904761906,908.95,903.6750000000001,152261.55,906.3187499999999,3947.7,3.8,150445.92727272728,895.5114718614719,3879.2,5.249999999999999,140001.8125,833.3441220238095,29.8,17.0,3817.6,22.723809523809525,28.6,16.674999999999997,3600.4,21.430952380952384,22.0,16.1,3221.6,19.176190476190477,22.175,13.5,3120.1,18.57202380952381,100.0,45.0,13844.0,82.4047619047619,99.75,47.0,14404.25,85.73958333333333,358.0,55.0,34070.0,202.79761904761904,350.25,20.25,32985.75,196.34375,2.6,0.0,57.6,0.34285714285714286,2.9,0.0,61.9,0.368452380952381,0.911904761904762,0.23675595238095237
2019-01-27 00:00:00+00:00,0.9583333333333334,0.4794444444444445,0.5211111111111112,,,33.0,0.0,47.2,0.28095238095238095,17.249999999999996,0.0,57.499999999999986,0.3422619047619048,910.6,906.0,152552.1,908.0482142857143,909.8000000000001,904.775,152416.6,907.2416666666666,4011.7,0.4,147892.0090909091,880.3095779220779,3988.975,4.874999999999999,155116.25340909092,923.3110321969697,29.0,15.6,3688.6,21.95595238095238,29.525,16.599999999999998,3726.675,22.182589285714286,22.7,13.0,3139.1,18.685119047619047,22.450000000000003,12.825,3134.475,18.657589285714284,100.0,41.0,14019.0,83.44642857142857,99.75,40.0,13850.75,82.44494047619047,356.0,12.0,33759.0,200.94642857142858,350.0,22.25,34656.5,206.28869047619048,1.9,0.0,54.8,0.3261904761904762,2.95,0.0,71.2,0.42380952380952386,0.8561011904761906,-0.0558035714285714
2019-02-03 00:00:00+00:00,0.9791666666666667,0.6147222222222223,0.6355555555555557,,,3.6,0.0,4.6,0.027380952380952377,11.149999999999997,0.0,19.799999999999986,0.11785714285714291,911.8,904.7,152517.9,907.8446428571428,910.4499999999999,905.2249999999999,152494.75,907.7068452380952,4045.8,11.7,157563.8,937.8797619047618,4031.375,7.599999999999999,157075.43863636363,934.972849025974,30.4,16.8,3866.4,23.014285714285716,29.8,16.325,3779.875,22.499255952380953,22.8,14.5,3112.8,18.52857142857143,22.125,13.575,3103.9249999999997,18.475744047619045,97.0,46.0,13001.0,77.38690476190476,99.0,42.75,13424.75,79.90922619047619,356.0,4.0,32318.0,192.36904761904762,353.25,19.5,33409.75,198.86755952380952,2.0,0.0,55.0,0.3273809523809524,2.3,0.0,63.05,0.3752976190476191,0.8830357142857144,0.02693452380952377
2019-02-10 00:00:00+00:00,1.0,0.75,0.75,,,11.2,0.0,95.2,0.5666666666666667,13.849999999999996,0.0,43.29999999999998,0.2577380952380953,908.5,903.0,152140.4,905.597619047619,910.2249999999999,904.45,152404.525,907.1697916666667,3907.9,0.0,93264.23181818181,555.144237012987,3978.275,3.9749999999999988,137291.49204545454,817.2112621753247,28.3,15.3,3259.7,19.40297619047619,29.375,16.175,3658.075,21.774255952380955,20.4,14.3,2962.0,17.63095238095238,21.974999999999998,14.475000000000001,3108.875,18.505208333333336,98.0,49.0,15164.0,90.26190476190476,98.75,45.25,14007.0,83.375,359.0,2.0,31395.0,186.875,357.25,18.25,32885.5,195.7470238095238,2.4,0.0,56.0,0.3333333333333333,2.225,0.0,55.849999999999994,0.33244047619047623,0.8183035714285716,-0.0647321428571428
2019-02-17 00:00:00+00:00,1.25,0.8405555555555556,0.8405555555555556,,,25.2,0.0,179.0,1.0654761904761905,18.249999999999996,0.0,81.49999999999999,0.48511904761904767,909.1,900.5,152056.6,905.0988095238096,910.0,903.55,152316.75,906.6473214285714,3436.2,0.0,78302.29242424242,466.08507395382395,3850.4,3.0249999999999986,119255.58333333333,709.8546626984127,29.2,15.5,3445.3,20.507738095238096,29.224999999999998,15.8,3565.0,21.220238095238095,21.3,13.8,3009.1,17.911309523809525,21.799999999999997,13.9,3055.75,18.188988095238095,98.0,51.0,14467.0,86.11309523809524,98.25,46.75,14162.75,84.30208333333333,337.0,7.0,33345.0,198.48214285714286,352.0,6.25,32704.25,194.66815476190476,3.0,0.0,133.8,0.7964285714285715,2.325,0.0,74.9,0.4458333333333334,0.502827380952381,-0.3154761904761906
2019-02-24 00:00:00+00:00,1.25,0.8516666666666667,0.8516666666666667,,,25.4,0.0,68.8,0.4095238095238095,16.349999999999994,0.0,86.89999999999999,0.5172619047619048,909.5,903.1,152170.5,905.7767857142857,909.7249999999999,902.825,152221.35,906.0794642857143,3765.1,0.1,134616.7712121212,801.2903048340548,3788.75,2.949999999999999,115936.77386363636,690.0998444264069,30.9,17.4,3709.9,22.082738095238096,29.700000000000003,16.25,3570.325,21.251934523809524,22.1,16.2,3262.3,19.41845238095238,21.650000000000002,14.7,3086.55,18.37232142857143,99.0,44.0,14496.0,86.28571428571429,98.0,47.5,14282.0,85.01190476190476,354.0,25.0,34060.0,202.73809523809524,351.5,9.5,32779.5,195.11607142857142,2.3,0.0,87.0,0.5178571428571429,2.425,0.0,82.95,0.4937500000000001,0.4364583333333334,-0.0663690476190476
2019-03-03 00:00:00+00:00,1.4583333333333335,0.9188888888888889,0.9188888888888889,,,12.8,0.0,66.8,0.3976190476190476,18.649999999999995,0.0,102.44999999999999,0.6098214285714286,908.8,901.2,152163.0,905.7321428571429,908.975,901.95,152132.625,905.5513392857142,3672.0,0.2,105384.52045454545,627.2888122294372,3695.3,0.07499999999999912,102891.95397727273,612.4521070075757,31.7,17.4,3675.0,21.875,30.025,16.4,3522.475,20.967113095238094,23.3,14.7,3135.9,18.666071428571428,21.775,14.75,3092.3250000000003,18.40669642857143,99.0,47.0,14008.0,83.38095238095238,98.5,47.75,14533.75,86.51041666666667,359.0,10.0,37944.0,225.85714285714286,352.25,11.0,34186.0,203.48809523809524,3.5,0.0,114.0,0.6785714285714286,2.8,0.0,97.7,0.5815476190476192,0.4005952380952381,-0.03586309523809528
2019-03-10 00:00:00+00:00,1.6666666666666667,0.9861111111111112,0.9861111111111112,,,53.8,0.0,89.8,0.5345238095238095,29.299999999999997,0.0,101.09999999999998,0.6017857142857144,911.3,905.4,152609.8,908.3916666666667,909.675,902.5500000000001,152249.97499999998,906.2498511904762,3729.0,0.3,125281.525,745.723363095238,3650.575,0.1499999999999991,110896.27727272727,660.0968885281385,29.0,14.4,3646.0,21.702380952380953,30.2,16.175,3619.05,21.541964285714286,22.7,14.0,3118.4,18.561904761904763,22.35,14.675,3131.425,18.639434523809523,99.0,49.0,14032.0,83.52380952380952,98.75,47.75,14250.75,84.82589285714286,357.0,4.0,34489.0,205.29166666666666,351.75,11.5,34959.5,208.0922619047619,2.4,0.0,91.6,0.5452380952380952,2.8,0.0,106.6,0.6345238095238096,0.3799107142857143,-0.02068452380952379
2019-03-17 00:00:00+00:00,1.3891666666666669,1.018333333333333,1.018333333333333,,,53.8,0.0,154.8,0.9214285714285715,36.449999999999996,0.0,95.04999999999998,0.5657738095238096,908.6,903.7,152234.1,906.1553571428572,909.55,903.3499999999999,152294.35,906.5139880952381,3348.0,0.8799999999999999,92348.325,549.6924107142856,3628.525,0.3699999999999991,114407.78541666667,680.9987227182539,29.2,17.0,3513.9,20.916071428571428,30.2,16.55,3636.2,21.64404761904762,22.6,16.9,3296.6,19.622619047619047,22.674999999999997,15.45,3203.3,19.067261904761907,100.0,52.0,15625.0,93.00595238095238,99.25,48.0,14540.25,86.54910714285714,355.0,12.0,33340.0,198.45238095238096,356.25,12.75,34958.25,208.08482142857142,2.0,0.0,23.5,0.13988095238095238,2.55,0.0,79.025,0.4703869047619048,0.368452380952381,-0.011458333333333348
2019-03-24 00:00:00+00:00,1.3208333333333333,0.9722222222222222,0.9722222222222222,,,40.4,0.0,171.79999999999998,1.0226190476190475,40.19999999999999,0.0,120.79999999999998,0.7190476190476192,909.9,901.0,152098.3,905.3470238095238,909.6499999999999,902.825,152276.3,906.4065476190476,3399.3,0.3,75048.04807692308,446.7145718864469,3537.075,0.41999999999999904,99515.60463286714,592.354789481352,27.6,13.8,3243.6,19.307142857142857,29.375,15.649999999999999,3519.625,20.95014880952381,22.7,12.8,3103.9,18.475595238095238,22.825,14.599999999999998,3163.7000000000003,18.83154761904762,100.0,67.0,16022.0,95.36904761904762,99.5,53.75,14921.75,88.81994047619048,360.0,1.0,26146.0,155.63095238095238,357.75,6.75,32979.75,196.30803571428572,1.7,0.0,14.0,0.08333333333333333,2.4,0.0,60.775,0.36175595238095243,0.42380952380952386,0.05535714285714288
2019-03-31 00:00:00+00:00,0.9166666666666666,0.75,0.75,,,18.2,0.0,134.8,0.8023809523809524,41.55,0.0,137.79999999999998,0.8202380952380953,913.2,905.2,152777.6,909.3904761904762,910.75,903.825,152429.95,907.3211309523809,3482.3,10.8,116659.95384615385,694.4044871794872,3489.65,3.0699999999999994,102334.46298076924,609.1337082188645,25.7,13.3,3052.2,18.16785714285714,27.875,14.625000000000002,3363.925,20.023363095238096,20.8,12.7,2762.7,16.444642857142856,22.200000000000003,14.1,3070.3999999999996,18.276190476190475,100.0,51.0,15266.0,90.86904761904762,99.75,54.75,15236.25,90.69196428571428,327.0,3.0,27414.0,163.17857142857142,349.75,5.0,30347.25,180.63839285714286,2.1,0.0,19.5,0.11607142857142858,2.05,0.0,37.15,0.2211309523809524,0.3752976190476191,-0.048511904761904756
2019-04-07 00:00:00+00:00,1.0,0.715,0.7083333333333334,,,12.0,0.0,16.4,0.0976190476190476,31.099999999999994,0.0,119.44999999999999,0.7110119047619049,909.0,902.9,152216.6,906.0511904761905,910.175,903.2,152331.65,906.7360119047619,3439.0,0.5,119212.28461538462,709.5969322344323,3417.15,3.119999999999999,100817.15288461538,600.102100503663,28.4,11.8,3346.4,19.91904761904762,27.725,13.975000000000001,3289.025,19.577529761904763,23.3,11.8,3081.3,18.34107142857143,22.35,13.55,3061.125,18.220982142857142,100.0,59.0,15386.0,91.58333333333333,100.0,57.25,15574.75,92.70684523809524,356.0,18.0,33591.0,199.94642857142858,349.5,8.5,30122.75,179.30208333333334,2.1,0.0,34.9,0.20773809523809522,1.975,0.0,22.975,0.1367559523809524,0.33244047619047623,-0.04285714285714287
2019-04-14 00:00:00+00:00,0.9166666666666666,0.5766666666666667,0.5555555555555556,,,9.0,0.0,91.2,0.5428571428571429,19.899999999999995,0.0,103.54999999999998,0.6163690476190476,909.1,903.0,152356.4,906.8833333333333,910.3,903.0250000000001,152362.225,906.918005952381,3229.9,0.2,91469.93846153846,544.4639194139194,3387.625,2.9499999999999993,100597.55625,598.7949776785715,27.0,14.1,3232.4,19.24047619047619,27.175,13.25,3218.65,19.158630952380953,20.3,14.1,3028.7,18.02797619047619,21.775000000000002,12.85,2994.1499999999996,17.822321428571428,100.0,62.0,15684.0,93.35714285714286,100.0,59.75,15589.5,92.79464285714286,358.0,2.0,29950.0,178.27380952380952,350.25,6.0,29275.25,174.25744047619048,2.4,0.0,57.0,0.3392857142857143,2.075,0.0,31.35,0.1866071428571429,0.4458333333333334,0.11339285714285718
2019-04-21 00:00:00+00:00,0.8333333333333334,0.5505555555555556,0.5555555555555556,,,13.6,0.0,26.599999999999998,0.15833333333333333,13.199999999999994,0.0,67.24999999999999,0.4002976190476191,910.1,902.6,152199.8,905.9511904761904,910.3500000000001,903.4250000000001,152387.59999999998,907.0690476190475,3194.4,0.0,110823.29615384615,659.6624771062271,3336.4000000000005,2.874999999999999,109541.36826923076,652.0319539835165,26.4,11.8,3179.9,18.92797619047619,26.874999999999996,12.750000000000002,3202.7250000000004,19.063839285714288,20.3,11.6,2885.6,17.176190476190477,21.175,12.549999999999999,2939.575,17.497470238095236,100.0,54.0,15203.0,90.49404761904762,100.0,56.5,15384.75,91.57589285714286,353.0,11.0,31625.0,188.24404761904762,348.5,8.5,30645.0,182.41071428571428,2.6,0.0,71.7,0.4267857142857143,2.3,0.0,45.775,0.2724702380952381,0.4937500000000001,0.04791666666666666
2019-04-28 00:00:00+00:00,0.875,0.6005555555555556,0.6205555555555555,,,25.4,0.0,56.0,0.3333333333333333,14.999999999999995,0.0,47.54999999999998,0.28303571428571433,912.0,901.9,152577.6,908.2,910.05,902.6,152337.6,906.7714285714286,3116.6,1.5,121618.16153846154,723.9176282051283,3244.975,0.5499999999999992,110780.92019230769,659.4102392399268,27.5,14.6,3391.5,20.1875,27.325,13.075,3287.55,19.56875,21.2,14.1,2994.6,17.825,21.275,12.9,2997.5499999999997,17.842559523809523,100.0,51.0,14686.0,87.41666666666667,100.0,56.5,15239.75,90.71279761904762,355.0,34.0,35615.0,211.99404761904762,355.5,16.25,32695.25,194.61458333333331,3.3,0.0,82.2,0.4892857142857143,2.6,0.0,61.45,0.36577380952380956,0.5815476190476192,0.08779761904761912
2019-05-05 00:00:00+00:00,0.8608333333333333,0.5,0.4861111111111111,,,2.4,0.0,6.4,0.0380952380952381,12.599999999999993,0.0,45.04999999999998,0.268154761904762,911.6,902.1,152442.7,907.3970238095238,910.7,902.4,152394.125,907.1078869047619,2864.1,2.0,95820.48846153847,570.3600503663004,3101.25,0.9249999999999992,104932.97115384616,624.6010187728938,26.5,14.8,3230.8,19.23095238095238,26.849999999999998,13.825000000000001,3258.65,19.39672619047619,21.0,14.7,2922.5,17.395833333333332,20.700000000000003,13.624999999999998,2957.85,17.60625,100.0,57.0,15101.0,89.88690476190476,100.0,56.0,15168.5,90.28869047619047,353.0,2.0,30222.0,179.89285714285714,354.75,12.25,31853.0,189.60119047619048,2.0,0.0,34.3,0.20416666666666666,2.575,0.0,61.3,0.3648809523809525,0.6345238095238096,0.0529761904761904
2019-05-12 00:00:00+00:00,0.5625,0.3172222222222222,0.3172222222222222,,,22.8,0.0,133.4,0.7940476190476191,16.049999999999994,0.0,55.59999999999999,0.330952380952381,910.9,905.1,152515.7,907.8315476190477,911.1500000000001,902.925,152433.95,907.3449404761905,2784.8,0.0,81296.28846153847,483.906478937729,2989.9750000000004,0.8749999999999991,102389.55865384616,609.4616586538461,26.0,13.3,3011.7,17.926785714285714,26.599999999999998,13.625,3203.4750000000004,19.068303571428572,20.9,13.0,2758.7,16.42083333333333,20.85,13.35,2890.3500000000004,17.204464285714284,100.0,62.0,15386.0,91.58333333333333,100.0,56.0,15094.0,89.8452380952381,358.0,8.0,31411.0,186.9702380952381,354.75,13.75,32218.25,191.77529761904762,2.4,0.0,84.2,0.5011904761904762,2.575,0.0,68.1,0.4053571428571429,0.4703869047619048,-0.1641369047619048
2019-05-19 00:00:00+00:00,0.5625,0.3172222222222222,0.3172222222222222,,,10.2,0.0,179.4,1.0678571428571428,15.199999999999994,0.0,93.79999999999998,0.5583333333333335,911.2,905.2,152644.1,908.5958333333334,911.425,903.575,152545.02500000002,908.0061011904763,2661.6,0.1,61128.20824175824,363.8583823914181,2856.7749999999996,0.899999999999999,89965.78667582419,535.510634975144,24.6,13.0,2925.0,17.410714285714285,26.150000000000002,13.925,3139.75,18.688988095238095,20.4,13.0,2814.2,16.751190476190477,20.875,13.7,2872.5,17.098214285714285,100.0,71.0,16172.0,96.26190476190476,100.0,60.25,15336.25,91.28720238095238,359.0,4.0,30894.0,183.89285714285714,356.25,12.0,32035.5,190.6875,2.4,0.0,24.6,0.14642857142857144,2.525,0.0,56.325,0.3352678571428572,0.36175595238095243,-0.10863095238095238
2019-05-26 00:00:00+00:00,0.5833333333333334,0.2866666666666667,0.2705555555555555,,,0.2,0.0,0.2,0.0011904761904761906,8.899999999999995,0.0,79.85,0.47529761904761914,909.8,902.4,152289.0,906.4821428571429,910.875,903.7,152472.875,907.5766369047619,2691.8,0.0,100327.96483516484,597.1902668759811,2750.5750000000003,0.524999999999999,84643.2375,503.82879464285713,24.3,10.3,2871.7,17.093452380952378,25.35,12.850000000000001,3009.7999999999997,17.91547619047619,17.9,8.7,2465.3,14.674404761904762,20.049999999999997,12.35,2740.175,16.310565476190476,100.0,37.0,14618.0,87.01190476190476,100.0,56.75,15319.25,91.1860119047619,357.0,4.0,34474.0,205.20238095238096,356.75,4.5,31750.25,188.98958333333331,2.8,0.0,67.3,0.40059523809523806,2.4,0.0,52.6,0.3130952380952381,0.2211309523809524,-0.14062500000000003
2019-06-02 00:00:00+00:00,0.5833333333333334,0.3127777777777777,0.3055555555555556,,,0.2,0.0,0.2,0.0011904761904761906,8.349999999999994,0.0,78.3,0.4660714285714287,910.2,903.8,152376.5,907.0029761904761,910.525,904.125,152456.325,907.4781250000001,2584.1,0.9,93060.5923076923,553.932097069597,2680.575,0.2499999999999991,83953.26346153847,499.7218063186814,25.5,12.4,3115.8,18.54642857142857,25.1,12.25,2981.05,17.744345238095235,19.5,11.0,2622.7,15.611309523809522,19.674999999999997,11.425,2665.225,15.864434523809525,100.0,42.0,14182.0,84.41666666666667,100.0,53.0,15089.5,89.81845238095238,356.0,3.0,35782.0,212.98809523809524,357.5,4.75,33140.25,197.26339285714286,3.7,0.0,150.3,0.8946428571428572,2.8249999999999997,0.0,81.6,0.48571428571428577,0.1367559523809524,-0.084375
2019-06-09 00:00:00+00:00,0.875,0.5,0.5,,,4.2,0.0,34.0,0.20238095238095238,3.699999999999995,0.0,53.44999999999999,0.31815476190476194,914.7,907.4,153110.1,911.3696428571429,911.4749999999999,904.7,152604.92500000002,908.3626488095239,2618.6,0.7,82372.89285714286,490.31483843537416,2639.025,0.4249999999999991,84222.41456043956,501.3238961930926,21.5,9.9,2429.5,14.461309523809524,23.975,11.400000000000002,2835.5,16.87797619047619,17.8,7.5,2087.5,12.425595238095237,18.9,10.05,2497.425,14.865625,100.0,60.0,14887.0,88.61309523809524,100.0,52.5,14964.75,89.07589285714285,360.0,1.0,30740.0,182.97619047619048,358.0,3.0,32972.5,196.26488095238096,2.7,0.0,94.2,0.5607142857142857,2.9,0.0,84.10000000000001,0.5005952380952381,0.1866071428571429,0.04985119047619049
2019-06-16 00:00:00+00:00,0.875,0.535,0.5044444444444445,,,1.8,0.0,4.8,0.02857142857142857,1.5999999999999948,0.0,9.799999999999985,0.058333333333333445,914.8,911.3,153367.9,912.9041666666666,912.375,906.2249999999999,152785.875,909.4397321428572,2467.0,15.2,89943.22142857143,535.3763180272109,2590.375,4.199999999999999,91426.16785714286,544.2033801020409,23.2,11.6,2891.1,17.208928571428572,23.625,11.05,2827.0249999999996,16.827529761904763,17.4,11.2,2390.9,14.23154761904762,18.15,9.6,2391.6,14.235714285714284,99.0,53.0,14059.0,83.68452380952381,99.75,48.0,14436.5,85.93154761904762,352.0,8.0,38576.0,229.61904761904762,356.25,4.0,34893.0,207.69642857142858,2.0,0.0,102.6,0.6107142857142857,2.8000000000000003,0.0,103.6,0.6166666666666667,0.2724702380952381,0.08586309523809524
2019-06-23 00:00:00+00:00,0.7916666666666666,0.5766666666666667,0.5766666666666667,,,0.0,0.0,0.0,0.0,1.5499999999999947,0.0,9.749999999999984,0.0580357142857144,917.8,910.0,153425.5,913.2470238095239,914.375,908.125,153070.0,911.1309523809524,2485.7,0.0,79395.65714285715,472.5931972789116,2538.85,4.199999999999999,86193.09093406593,513.0541127027734,22.3,11.2,2623.0,15.613095238095237,23.125,11.275,2764.85,16.457440476190477,17.0,11.0,2283.3,13.59107142857143,17.925,10.174999999999999,2346.1,13.964880952380952,100.0,53.0,14891.0,88.63690476190476,99.75,52.0,14504.75,86.33779761904762,356.0,3.0,31500.0,187.5,356.0,3.75,34149.5,203.27083333333334,2.0,0.0,47.2,0.28095238095238095,2.6,0.0,98.57500000000002,0.5867559523809525,0.36577380952380956,0.09330357142857143
2019-06-30 00:00:00+00:00,0.8125,0.4894444444444444,0.5138888888888888,,,0.0,0.0,0.0,0.0,1.4999999999999947,0.0,9.699999999999985,0.05773809523809535,913.5,905.8,152768.1,909.3339285714286,915.2,908.625,153167.9,911.7136904761905,2540.3,1.1,99310.89010989011,591.1362506541078,2527.9,4.249999999999999,87755.6653846154,522.3551510989012,25.0,14.3,3223.8,19.189285714285717,23.0,11.75,2791.85,16.618154761904762,18.3,11.7,2407.5,14.330357142857142,17.625,10.35,2292.3,13.644642857142856,97.0,49.0,12543.0,74.66071428571429,99.0,53.75,14095.0,83.89880952380953,309.0,11.0,38969.0,231.95833333333334,344.25,5.75,34946.25,208.01339285714286,2.7,0.0,178.3,1.0613095238095238,2.35,0.0,105.575,0.6284226190476191,0.3648809523809525,-0.0008928571428570842
2019-07-07 00:00:00+00:00,0.7083333333333334,0.4477777777777778,0.5044444444444445,,,3.0,0.0,27.0,0.16071428571428573,1.1999999999999946,0.0,7.949999999999986,0.04732142857142869,914.7,900.8,152271.9,906.3803571428571,915.2,906.9749999999999,152958.35,910.4663690476191,2525.0,0.7,72801.41538461538,433.3417582417582,2504.5,4.249999999999999,85362.79601648352,508.1118810504972,24.4,6.4,2695.1,16.042261904761904,23.725,10.875,2858.25,17.013392857142858,17.2,5.6,1992.3,11.85892857142857,17.475,9.875,2268.5,13.50297619047619,99.0,39.0,13201.0,78.57738095238095,98.75,48.5,13673.5,81.38988095238096,359.0,3.0,32780.0,195.11904761904762,344.0,6.25,35456.25,211.04910714285714,2.7,0.0,167.1,0.9946428571428572,2.35,0.0,123.80000000000001,0.736904761904762,0.4053571428571429,0.04047619047619044
2019-07-14 00:00:00+00:00,0.7083333333333334,0.4944444444444444,0.5044444444444445,,,0.2,0.0,0.2,0.0011904761904761906,0.7999999999999947,0.0,6.799999999999986,0.04047619047619059,916.5,906.0,153054.9,911.0410714285714,915.625,905.65,152880.1,910.0005952380952,2654.5,2.8,101042.76153846153,601.4450091575092,2551.375,1.149999999999999,88137.68104395605,524.6290538330717,25.1,6.4,2248.0,13.380952380952381,24.2,9.575000000000001,2697.475,16.05639880952381,13.5,5.6,1580.6,9.408333333333333,16.5,8.475,2065.925,12.29717261904762,97.0,40.0,13256.0,78.9047619047619,98.25,45.25,13472.75,80.19494047619048,341.0,11.0,33229.0,197.79166666666666,341.25,7.0,34119.5,203.0922619047619,2.6,0.0,111.2,0.6619047619047619,2.5,0.0,125.95,0.749702380952381,0.3352678571428572,-0.07008928571428574
2019-07-21 00:00:00+00:00,0.6875,0.4827777777777777,0.5044444444444445,,,1.2,0.0,4.0,0.023809523809523808,1.0999999999999948,0.0,7.799999999999986,0.04642857142857154,916.9,905.4,153234.9,912.1125,915.4,904.5,152832.45,909.7169642857142,2522.4,0.5,64492.96153846154,383.8866758241758,2560.55,1.274999999999999,84412.00714285714,502.4524234693877,21.6,7.7,2250.4,13.395238095238096,24.025,8.7,2604.325,15.501934523809524,16.4,5.6,1786.9,10.636309523809524,16.349999999999998,7.125,1941.8249999999998,11.558482142857143,98.0,60.0,14147.0,84.20833333333333,97.75,47.0,13286.75,79.08779761904762,352.0,3.0,36221.0,215.60119047619048,340.25,7.0,35299.75,210.11755952380952,3.1,0.0,163.9,0.9755952380952382,2.775,0.0,155.125,0.9233630952380953,0.3130952380952381,-0.02217261904761908
2019-07-28 00:00:00+00:00,0.75,0.4305555555555556,0.4794444444444445,,,0.0,0.0,0.0,0.0,1.0999999999999948,0.0,7.799999999999986,0.04642857142857154,915.9,910.4,153381.2,912.9833333333333,916.0,905.65,152985.725,910.6293154761904,2719.6,3.2,113195.56923076924,673.7831501831503,2605.375,1.799999999999999,87883.17692307691,523.1141483516483,23.1,10.2,2689.4,16.008333333333333,23.55,7.675000000000001,2470.7250000000004,14.706696428571428,15.1,9.2,1938.7,11.539880952380953,15.549999999999999,6.499999999999999,1824.625,10.860863095238095,98.0,43.0,12843.0,76.44642857142857,98.0,45.5,13361.75,79.53422619047619,342.0,19.0,35787.0,213.01785714285714,348.5,9.0,34504.25,205.38244047619048,3.4,0.0,169.7,1.0101190476190476,2.95,0.0,152.975,0.9105654761904762,0.48571428571428577,0.17261904761904767
2019-08-04 00:00:00+00:00,0.75,0.3783333333333333,0.3933333333333333,,,3.6,0.0,48.2,0.28690476190476194,1.2499999999999947,0.0,13.099999999999987,0.07797619047619059,918.0,906.5,152967.7,910.5220238095238,916.825,907.075,153159.675,911.664732142857,2760.7,0.0,85507.65,508.9741071428571,2664.2999999999997,1.6249999999999991,91059.73557692308,542.0222355769231,26.0,9.7,2628.1,15.64345238095238,23.950000000000003,8.5,2453.975,14.606994047619049,15.7,9.1,2032.6,12.098809523809523,15.175,7.375,1834.7,10.920833333333334,99.0,35.0,13709.0,81.60119047619048,98.0,44.5,13488.75,80.29017857142857,360.0,7.0,30002.0,178.58333333333334,348.75,10.0,33809.75,201.2485119047619,2.4,0.0,150.9,0.8982142857142857,2.875,0.0,148.92499999999998,0.8864583333333335,0.5005952380952381,0.014880952380952328
2019-08-11 00:00:00+00:00,0.6875,0.4038888888888888,0.415,,,1.8,0.0,4.2,0.025,1.6499999999999946,0.0,14.099999999999987,0.08392857142857156,920.1,909.9,153689.1,914.8160714285715,917.725,908.05,153318.225,912.6084821428572,2885.4,4.969230769230769,108344.18461538461,644.9058608058608,2722.0249999999996,2.1673076923076913,92885.09134615384,552.8874484890109,25.9,10.1,2693.3,16.031547619047622,24.15,9.425,2565.3,15.269642857142859,17.7,9.9,2190.4,13.038095238095238,16.225,8.45,1987.15,11.828273809523811,99.0,47.0,14077.0,83.79166666666667,98.5,46.25,13694.0,81.51190476190476,345.0,7.0,34726.0,206.70238095238096,349.75,9.0,34184.0,203.47619047619048,2.4,0.0,137.3,0.8172619047619049,2.825,0.0,155.45,0.9252976190476191,0.6166666666666667,0.1160714285714286
2019-08-18 00:00:00+00:00,0.6041666666666666,0.3422222222222222,0.345,,,5.8,0.0,100.2,0.5964285714285714,2.7999999999999945,0.0,38.14999999999999,0.22708333333333347,919.9,906.3,153323.6,912.6404761904762,918.4749999999999,908.275,153340.40000000002,912.7404761904762,3347.1,0.0,112032.31923076924,666.859043040293,2928.2,2.0423076923076913,104769.93076923076,623.6305402930402,27.2,9.4,2481.3,14.769642857142859,25.55,9.85,2623.025,15.613244047619048,17.1,6.4,1723.8,10.260714285714286,16.4,8.65,1971.375,11.734375,99.0,37.0,12936.0,77.0,98.75,40.5,13391.25,79.70982142857143,359.0,6.0,29800.0,177.38095238095238,351.5,9.75,32578.75,193.92113095238096,2.9,0.0,192.3,1.1446428571428573,2.775,0.0,162.55,0.9675595238095239,0.5867559523809525,-0.029910714285714235
2019-08-25 00:00:00+00:00,0.6041666666666666,0.2916666666666667,0.2777777777777778,,,3.8,0.0,28.8,0.17142857142857143,3.7499999999999947,0.0,45.34999999999999,0.2699404761904763,916.1,907.3,153137.5,911.5327380952381,918.5250000000001,907.5,153279.475,912.3778273809523,2768.8,0.0,54078.20384615385,321.8940705128205,2940.5,1.2423076923076914,89990.58942307693,535.6582703754578,18.7,9.1,2279.8,13.570238095238096,24.45,9.575,2520.625,15.00372023809524,16.3,8.9,2143.5,12.758928571428571,16.7,8.575,2022.5749999999998,12.039136904761905,99.0,77.0,15965.0,95.0297619047619,99.0,49.0,14171.75,84.35565476190476,360.0,4.0,24911.0,148.2797619047619,356.0,6.0,29859.75,177.73660714285717,2.3,0.0,28.900000000000002,0.17202380952380952,2.5,0.0,127.35000000000001,0.7580357142857144,0.6284226190476191,0.04166666666666663
2019-09-01 00:00:00+00:00,0.6041666666666666,0.2916666666666667,0.2777777777777778,,,0.4,0.0,1.0,0.005952380952380952,2.9499999999999944,0.0,33.54999999999998,0.19970238095238105,916.5,904.7,153035.1,910.9232142857143,918.1500000000001,907.05,153296.325,912.4781250000001,3160.5,8.6,115647.06923076924,688.3754120879121,3040.4500000000003,3.3923076923076914,97525.44423076924,580.5085966117216,27.2,10.1,2689.5,16.008928571428573,24.75,9.675,2535.975,15.095089285714288,18.2,9.4,2087.8,12.427380952380954,17.325,8.65,2036.375,12.121279761904761,98.0,38.0,13559.0,80.70833333333333,98.75,49.75,14134.25,84.13244047619048,342.0,3.0,31875.0,189.73214285714286,351.5,5.0,30328.0,180.52380952380952,3.3,0.0,108.7,0.6470238095238096,2.7249999999999996,0.0,116.8,0.6952380952380952,0.736904761904762,0.10848214285714286
2019-09-08 00:00:00+00:00,0.6041666666666666,0.2916666666666667,0.2777777777777778,,,19.2,0.0,63.6,0.37857142857142856,7.2999999999999945,0.0,48.39999999999999,0.2880952380952382,916.6,905.6,153127.2,911.4714285714286,917.275,905.975,153155.85,911.6419642857143,3253.5,0.1,96381.63461538461,573.700206043956,3132.4750000000004,2.174999999999999,94534.80673076923,562.7071829212454,28.0,11.9,2823.4,16.80595238095238,25.275,10.125,2568.5,15.288690476190478,19.5,11.8,2523.0,15.017857142857142,17.775,9.125,2119.525,12.61622023809524,99.0,48.0,15190.0,90.41666666666667,98.75,50.0,14412.5,85.78869047619047,359.0,6.0,29080.0,173.0952380952381,355.0,4.75,28916.5,172.12202380952382,3.3,0.0,102.0,0.6071428571428571,2.95,0.0,107.975,0.6427083333333333,0.749702380952381,0.012797619047619002
2019-09-15 00:00:00+00:00,0.6041666666666666,0.2966666666666666,0.2983333333333333,,,0.8,0.0,11.0,0.06547619047619048,6.0499999999999945,0.0,26.099999999999987,0.15535714285714297,913.3,905.7,152750.6,909.229761904762,915.625,905.825,153012.6,910.7892857142858,3339.1,0.0,114162.16923076923,679.5367216117216,3130.4750000000004,2.174999999999999,95067.26923076923,565.8766025641025,31.3,14.0,3233.2,19.245238095238093,26.3,11.275,2756.475,16.407589285714288,19.1,10.2,2516.3,14.977976190476191,18.275,10.075000000000001,2317.65,13.795535714285714,99.0,32.0,13301.0,79.17261904761905,98.75,48.75,14503.75,86.33184523809524,359.0,9.0,30670.0,182.5595238095238,355.0,5.5,29134.0,173.41666666666666,2.2,0.0,102.4,0.6095238095238096,2.775,0.0,85.5,0.5089285714285714,0.9233630952380953,0.1736607142857144
2019-09-22 00:00:00+00:00,0.6041666666666666,0.2966666666666666,0.2983333333333333,,,10.2,0.0,41.2,0.24523809523809526,7.649999999999994,0.0,29.19999999999999,0.1738095238095239,912.4,901.7,152254.0,906.2738095238095,914.6999999999999,904.425,152791.725,909.4745535714286,3367.5,2.1,110576.85,658.1955357142857,3280.1499999999996,2.6999999999999993,109191.93076923076,649.9519688644689,30.6,15.4,3536.3,21.049404761904764,29.275,12.85,3070.6000000000004,18.277380952380952,20.2,10.7,2565.3,15.269642857142859,19.25,10.525,2423.1000000000004,14.423214285714286,99.0,33.0,12240.0,72.85714285714286,98.75,37.75,13572.5,80.78869047619048,349.0,6.0,33045.0,196.69642857142858,352.25,6.0,31167.5,185.52083333333331,2.9,0.0,169.3,1.0077380952380952,2.925,0.0,120.60000000000001,0.7178571428571429,0.9105654761904762,-0.012797619047619113
2019-09-29 00:00:00+00:00,0.5075,0.2966666666666666,0.2983333333333333,,,11.6,0.0,143.8,0.855952380952381,10.449999999999994,0.0,64.89999999999999,0.38630952380952394,916.4,906.5,152893.2,910.0785714285715,914.675,904.875,152756.25,909.2633928571429,3164.3,0.0,45181.025,268.9346726190476,3281.1,0.5499999999999992,91575.41971153846,545.0917839972527,19.3,10.9,2353.7,14.010119047619046,27.3,13.049999999999999,2986.65,17.77767857142857,16.0,10.0,2188.8,13.02857142857143,18.7,10.675,2448.3500000000004,14.573511904761906,99.0,74.0,15809.0,94.10119047619048,99.0,46.75,14135.0,84.13690476190476,360.0,2.0,29460.0,175.35714285714286,356.75,5.75,30563.75,181.92708333333331,2.4,0.0,110.0,0.6547619047619048,2.7,0.0,120.925,0.7197916666666667,0.8864583333333335,-0.02410714285714277
2019-10-06 00:00:00+00:00,0.6041666666666666,0.2972222222222222,0.2988888888888888,,,0.6,0.0,2.0,0.011904761904761904,5.7999999999999945,0.0,49.499999999999986,0.29464285714285726,910.2,904.4,152419.1,907.2565476190476,913.075,904.575,152579.225,908.2096726190476,3802.9,0.2,141918.62954545455,844.7537472943723,3418.45,0.5749999999999992,102959.66844405595,612.8551693098568,24.7,10.5,3008.3,17.906547619047622,26.475,12.7,3032.875,18.052827380952383,18.8,8.1,2295.3,13.662500000000001,18.525,9.75,2391.425,14.23467261904762,99.0,47.0,13089.0,77.91071428571429,99.0,46.5,13609.75,81.01041666666667,359.0,7.0,34524.0,205.5,356.75,6.0,31924.75,190.0282738095238,3.5,0.0,168.5,1.0029761904761905,2.75,0.0,137.55,0.8187500000000001,0.9252976190476191,0.03883928571428563
2019-10-13 00:00:00+00:00,0.5208333333333334,0.3055555555555556,0.31,,,4.6,0.0,45.0,0.26785714285714285,6.749999999999995,0.0,57.999999999999986,0.34523809523809534,910.6,905.7,152572.2,908.1678571428572,912.4,904.575,152534.625,907.9441964285716,3758.3,0.1,102859.87045454545,612.2611336580087,3523.2500000000005,0.5999999999999991,100134.09375,596.0362723214286,29.5,14.1,3145.1,18.72083333333333,26.025,12.725,3010.85,17.921726190476193,20.1,12.2,2732.1,16.2625,18.775,10.25,2445.375,14.555803571428573,98.0,38.0,14599.0,86.89880952380952,98.75,48.0,13934.25,82.94196428571429,360.0,3.0,28755.0,171.16071428571428,357.0,4.5,31446.0,187.17857142857144,2.6,0.0,67.7,0.4029761904761905,2.85,0.0,128.875,0.7671130952380953,0.9675595238095239,0.042261904761904834
2019-10-20 00:00:00+00:00,0.5625,0.3088888888888889,0.315,,,8.0,0.0,33.0,0.19642857142857142,6.199999999999994,0.0,55.94999999999999,0.33303571428571443,910.8,904.6,152478.6,907.6107142857143,912.0,905.3000000000001,152590.77500000002,908.2784226190477,3718.5,0.1,103986.45,618.9669642857143,3611.0,0.09999999999999912,98486.49375000001,586.2291294642857,28.0,13.2,3149.9,18.749404761904763,25.375,12.175,2914.25,17.34672619047619,19.1,11.3,2726.4,16.228571428571428,18.5,10.399999999999999,2485.65,14.795535714285716,98.0,43.0,14528.0,86.47619047619048,98.5,50.5,14506.25,86.3467261904762,359.0,1.0,25653.0,152.69642857142858,359.5,3.25,29598.0,176.17857142857142,1.9,0.0,93.4,0.555952380952381,2.6,0.0,109.9,0.6541666666666667,0.7580357142857144,-0.20952380952380956
2019-10-27 00:00:00+00:00,0.5625,0.3088888888888889,0.315,,,8.2,0.0,25.0,0.1488095238095238,5.349999999999994,0.0,26.249999999999986,0.1562500000000001,909.4,901.1,152212.8,906.0285714285714,910.25,903.95,152420.675,907.2659226190476,3855.0,0.0,94279.375,561.186755952381,3783.675,0.09999999999999912,110761.08125,659.292150297619,26.5,12.7,3016.5,17.955357142857142,27.174999999999997,12.625,3079.95,18.333035714285714,20.1,12.5,2737.4,16.29404761904762,19.525,11.024999999999999,2622.8,15.611904761904762,99.0,55.0,15271.0,90.89880952380952,98.5,45.75,14371.75,85.54613095238095,359.0,17.0,29373.0,174.83928571428572,359.25,7.0,29576.25,176.04910714285717,2.4,0.0,69.0,0.4107142857142857,2.5999999999999996,0.0,99.65,0.5931547619047619,0.6952380952380952,-0.06279761904761916
2019-11-03 00:00:00+00:00,0.5625,0.3088888888888889,0.2988888888888888,,,16.8,0.0,55.800000000000004,0.3321428571428572,9.399999999999995,0.0,39.69999999999999,0.23630952380952394,909.8,901.9,152227.5,906.1160714285714,910.1500000000001,903.325,152372.77500000002,906.9808035714286,3871.7,6.0,109790.35,653.5139880952381,3800.875,1.5499999999999992,102729.01136363635,611.4822104978355,27.8,15.8,3482.6,20.729761904761904,27.950000000000003,13.95,3198.525,19.038839285714285,21.3,13.9,2914.4,17.347619047619048,20.150000000000002,12.475000000000001,2777.5750000000003,16.533184523809524,98.0,48.0,13838.0,82.36904761904762,98.25,46.0,14559.0,86.66071428571429,359.0,1.0,32720.0,194.76190476190476,359.25,5.5,29125.25,173.36458333333334,2.6,0.0,109.6,0.6523809523809524,2.375,0.0,84.925,0.5055059523809524,0.6427083333333333,-0.052529761904761885
2019-11-10 00:00:00+00:00,0.6875,0.3316666666666666,0.3238888888888889,,,2.4,0.0,25.400000000000002,0.1511904761904762,8.849999999999996,0.0,34.79999999999999,0.20714285714285727,908.2,901.9,152050.4,905.0619047619048,909.55,902.375,152242.32499999998,906.2043154761905,3665.0,0.0,99452.1,591.9767857142857,3777.5499999999997,1.5249999999999992,101877.06875,606.4111235119047,31.4,15.7,3397.8,20.225,28.425,14.35,3261.7000000000003,19.41488095238095,22.2,14.1,3027.6,18.021428571428572,20.675,12.95,2851.4500000000003,16.972916666666666,98.0,43.0,14857.0,88.43452380952381,98.25,47.25,14623.5,87.04464285714286,358.0,1.0,27806.0,165.51190476190476,358.75,5.0,28888.0,171.95238095238096,2.6,0.0,72.6,0.4321428571428571,2.375,0.0,86.15,0.512797619047619,0.5089285714285714,-0.13377976190476193
2019-11-17 00:00:00+00:00,0.7083333333333334,0.3472222222222222,0.3472222222222222,,,8.6,0.0,118.2,0.7035714285714286,8.999999999999995,0.0,56.09999999999999,0.3339285714285716,909.6,900.0,152045.6,905.0333333333334,909.25,901.2249999999999,152134.075,905.5599702380953,2203.1,0.1,58179.125,346.3043154761905,3398.7,1.524999999999999,90425.2375,538.2454613095238,23.5,13.4,2948.7,17.551785714285714,27.299999999999997,14.4,3211.4,19.11547619047619,20.1,12.2,2723.1,16.208928571428572,20.925,13.175,2850.625,16.968005952380953,99.0,75.0,15472.0,92.0952380952381,98.5,55.25,14859.5,88.44940476190476,359.0,5.0,32050.0,190.77380952380952,358.75,6.0,30487.25,181.4717261904762,3.4,0.0,114.3,0.6803571428571429,2.75,0.0,91.375,0.5438988095238095,0.7178571428571429,0.20892857142857146
2019-11-24 00:00:00+00:00,0.6875,0.3472222222222222,0.3238888888888889,,,19.2,0.0,134.6,0.8011904761904761,11.749999999999995,0.0,83.49999999999999,0.49702380952380965,909.0,901.6,152249.4,906.2464285714285,909.15,901.35,152143.225,905.6144345238096,3726.6,0.1,80052.875,476.5052083333333,3366.6,1.5499999999999992,86868.6125,517.075074404762,25.8,12.1,3101.5,18.461309523809526,27.125,14.25,3232.6499999999996,19.241964285714285,20.3,11.1,2830.6,16.848809523809525,20.975,12.825000000000001,2873.9249999999997,17.10669642857143,99.0,64.0,15281.0,90.95833333333333,98.5,57.5,14862.0,88.46428571428572,357.0,1.0,28181.0,167.74404761904762,358.25,2.0,30189.25,179.69791666666666,3.2,0.0,106.4,0.6333333333333334,2.95,0.0,100.725,0.5995535714285715,0.7197916666666667,0.0019345238095238582
2019-12-01 00:00:00+00:00,0.6875,0.3472222222222222,0.3472222222222222,,,9.2,0.0,70.8,0.42142857142857143,9.849999999999994,0.0,87.24999999999999,0.5193452380952382,907.9,901.9,152024.2,904.9059523809525,908.6750000000001,901.3499999999999,152092.4,905.3119047619048,3897.2,0.0,102757.32272727272,611.6507305194805,3372.975,0.049999999999999115,85110.35568181818,506.6092600108225,27.8,11.8,3067.7,18.260119047619046,27.125,13.25,3128.925,18.62455357142857,21.7,10.6,2714.0,16.154761904761905,21.075000000000003,12.0,2823.825,16.808482142857144,99.0,54.0,14829.0,88.26785714285714,98.75,59.0,15109.75,89.93898809523809,353.0,1.0,24491.0,145.7797619047619,356.75,2.0,28132.0,167.45238095238096,3.4,0.0,141.2,0.8404761904761904,3.15,0.0,108.625,0.6465773809523809,0.8187500000000001,0.09895833333333337
2019-12-08 00:00:00+00:00,0.7708333333333334,0.4688888888888888,0.4583333333333333,,,16.6,0.0,80.0,0.47619047619047616,13.399999999999995,0.0,100.89999999999999,0.6005952380952382,907.7,899.9,151997.6,904.7476190476191,908.55,900.85,152079.2,905.2333333333333,3659.0,0.0,76594.71363636364,455.9209145021645,3371.475,0.049999999999999115,79396.0090909091,472.5952922077922,24.9,8.6,2967.1,17.661309523809525,25.5,11.475,3021.25,17.983630952380953,20.4,5.9,2670.6,15.89642857142857,20.625,9.950000000000001,2734.575,16.277232142857144,99.0,40.0,15149.0,90.17261904761905,99.0,58.25,15182.75,90.3735119047619,350.0,4.0,29412.0,175.07142857142858,354.75,2.75,28533.5,169.8422619047619,3.7,0.0,144.8,0.861904761904762,3.425,0.0,126.675,0.7540178571428571,0.7671130952380953,-0.051636904761904745
2019-12-15 00:00:00+00:00,0.875,0.58,0.6344444444444445,,,10.4,0.0,51.4,0.3059523809523809,13.849999999999994,0.0,84.19999999999999,0.5011904761904763,911.4,901.5,152156.4,905.6928571428571,909.0,901.2249999999999,152106.9,905.3982142857143,3844.3,0.0,95126.38286713287,566.2284694472195,3781.775,0.024999999999999113,88632.8235576923,527.5763307005494,26.0,14.8,3375.9,20.09464285714286,26.125,11.825000000000001,3128.05,18.61934523809524,20.9,11.2,3024.7,18.004166666666666,20.825,9.7,2809.9750000000004,16.726041666666667,98.0,50.0,14869.0,88.50595238095238,98.75,52.0,15032.0,89.47619047619048,360.0,1.0,31103.0,185.13690476190476,355.0,1.75,28296.75,168.43303571428572,3.3,0.0,150.6,0.8964285714285714,3.4,0.0,135.75,0.8080357142857142,0.6541666666666667,-0.11294642857142867
2019-12-22 00:00:00+00:00,0.875,0.6061111111111112,0.6344444444444445,,,23.0,0.0,70.0,0.4166666666666667,14.799999999999994,0.0,68.04999999999998,0.4050595238095239,909.2,903.3,152165.3,905.7458333333333,909.0500000000001,901.65,152085.875,905.2730654761905,3983.3,0.4,131717.83076923076,784.0347069597069,3845.95,0.09999999999999912,101549.0625,604.4587053571429,28.9,16.9,3635.8,21.64166666666667,26.9,13.025,3261.625,19.414434523809526,21.1,12.3,2976.05,17.714583333333334,21.025,10.0,2846.3375,16.94248511904762,99.0,36.0,13419.0,79.875,98.75,45.0,14566.5,86.70535714285714,350.0,15.0,35876.5,213.55059523809524,353.25,5.25,30220.625,179.88467261904762,2.6,0.0,152.9,0.9101190476190476,3.25,0.0,147.375,0.8772321428571428,0.5931547619047619,-0.06101190476190477
2019-12-29 00:00:00+00:00,0.875,0.5707407407407408,0.585,,,23.6,0.0,106.4,0.6333333333333334,18.399999999999995,0.0,76.94999999999999,0.45803571428571443,909.5,904.5,152351.5,906.8541666666666,909.45,902.3,152167.7,905.760119047619,4246.6,4.2,134064.26363636364,798.0015692640693,3933.3,1.1499999999999992,109375.79772727273,651.04641504329,26.1,13.7,3235.7,19.260119047619046,26.474999999999998,13.5,3303.625,19.664434523809526,21.1,13.1,2911.6,17.33095238095238,20.875,10.625,2895.7375,17.236532738095235,99.0,61.0,15006.0,89.32142857142857,98.75,46.75,14610.75,86.96875,355.0,9.0,31143.0,185.375,353.75,7.25,31883.625,189.78348214285714,2.2,0.0,67.0,0.39880952380952384,2.95,0.0,128.825,0.7668154761904762,0.5055059523809524,-0.08764880952380949
2020-01-05 00:00:00+00:00,0.875,0.5353703703703704,0.5355555555555556,,,40.8,0.0,166.6,0.9916666666666666,24.449999999999996,0.0,98.59999999999998,0.586904761904762,906.1,899.4,151624.8,902.5285714285714,909.0500000000001,902.175,152074.5,905.2053571428571,3803.7,0.0,113574.49886363637,676.0386837121213,3969.4750000000004,1.1499999999999992,118620.74403409092,706.0758573457792,27.4,14.6,3378.7,20.111309523809524,27.1,15.0,3406.525,20.276934523809526,21.0,14.0,3028.9,18.02916666666667,21.025,12.65,2985.3125,17.769717261904763,98.0,58.0,14878.0,88.55952380952381,98.5,51.25,14543.0,86.5654761904762,359.0,2.0,31372.0,186.73809523809524,356.0,6.75,32373.625,192.70014880952382,2.2,0.0,83.4,0.49642857142857144,2.575,0.0,113.475,0.6754464285714286,0.512797619047619,0.007291666666666585
2020-01-12 00:00:00+00:00,0.875,0.5,0.4861111111111111,,,9.8,0.0,78.4,0.4666666666666667,24.299999999999994,0.0,105.35,0.6270833333333334,906.6,901.3,151900.9,904.1720238095238,907.85,902.125,152010.625,904.8251488095237,3698.2,0.0,127319.31477272727,757.8530641233766,3932.95,1.1499999999999992,126668.97701048951,753.9820060148186,30.1,17.8,3790.9,22.564880952380953,28.125,15.75,3510.2749999999996,20.894494047619048,23.5,15.2,3345.6,19.914285714285715,21.675,13.649999999999999,3065.5375,18.247247023809525,98.0,44.0,14494.0,86.27380952380952,98.5,49.75,14449.25,86.00744047619048,358.0,3.0,33694.0,200.5595238095238,355.5,7.25,33021.375,196.55580357142856,2.4,0.0,72.9,0.43392857142857144,2.35,0.0,94.05,0.5598214285714286,0.5438988095238095,0.031101190476190532
2020-01-19 00:00:00+00:00,0.9583333333333334,0.5166666666666667,0.5,,,8.8,0.0,95.4,0.5678571428571428,20.749999999999996,0.0,111.69999999999999,0.6648809523809525,911.6,904.8,152473.5,907.5803571428571,908.45,902.5,152087.675,905.2837797619047,3131.8,0.2,64698.11363636364,385.1078192640693,3720.075,1.0999999999999992,109914.04772727273,654.2502840909091,28.1,14.8,3226.5,19.205357142857142,27.925,15.225000000000001,3407.95,20.285416666666666,23.3,14.2,3027.4,18.020238095238096,22.224999999999998,14.125,3078.375,18.323660714285715,98.0,65.0,15651.0,93.16071428571429,98.25,57.0,15007.25,89.32886904761905,360.0,1.0,24653.0,146.74404761904762,358.0,3.75,30215.5,179.85416666666669,2.2,0.0,49.5,0.29464285714285715,2.25,0.0,68.2,0.40595238095238095,0.5995535714285715,0.05565476190476193
2020-01-26 00:00:00+00:00,0.9166666666666666,0.4905555555555556,0.4861111111111111,,,9.2,0.0,38.2,0.2273809523809524,17.149999999999995,0.0,94.64999999999999,0.5633928571428573,908.1,896.8,151567.8,902.1892857142857,908.1,900.5749999999999,151891.75,904.1175595238095,3869.9,0.1,68130.6909090909,405.5398268398268,3625.9,0.07499999999999912,93430.65454545454,556.1348484848485,23.0,13.2,2942.5,17.514880952380953,27.150000000000002,15.1,3334.6499999999996,19.849107142857143,18.8,12.9,2773.0,16.50595238095238,21.65,14.075,3043.725,18.117410714285715,98.0,58.0,15797.0,94.0297619047619,98.0,56.25,15205.0,90.50595238095238,360.0,3.0,27190.0,161.8452380952381,359.25,2.25,29227.25,173.9717261904762,2.0,0.0,32.9,0.19583333333333333,2.2,0.0,59.675000000000004,0.35520833333333335,0.6465773809523809,0.04702380952380947
2020-02-02 00:00:00+00:00,0.875,0.4516666666666667,0.4627777777777778,,,4.2,0.0,13.8,0.08214285714285714,7.999999999999995,0.0,56.44999999999999,0.33601190476190484,908.2,903.3,152218.7,906.0636904761906,908.625,901.55,152040.22499999998,905.0013392857143,3545.6,3.5,119229.30454545455,709.6982413419913,3561.375,0.9499999999999991,94844.3559659091,564.549737892316,29.6,17.0,3735.7,22.236309523809524,27.7,15.700000000000001,3423.9,20.380357142857143,22.4,16.4,3261.5,19.413690476190474,22.0,14.674999999999999,3101.875,18.463541666666664,98.0,57.0,14288.0,85.04761904761905,98.0,56.0,15057.5,89.62797619047618,334.0,9.0,32742.0,194.89285714285714,353.0,4.0,29569.75,176.01041666666666,4.1,0.0,120.1,0.7148809523809524,2.675,0.0,68.85,0.40982142857142856,0.7540178571428571,0.10744047619047614
2020-02-09 00:00:00+00:00,0.7083333333333334,0.4238888888888888,0.4261111111111111,,,22.2,0.0,128.0,0.7619047619047619,11.099999999999994,0.0,68.85,0.40982142857142867,908.9,903.8,152251.3,906.257738095238,909.2,902.175,152127.825,905.5227678571429,3958.9,0.2,102666.7409090909,611.111553030303,3626.55,0.9999999999999991,88681.21250000001,527.8643601190477,26.4,15.8,3512.9,20.910119047619048,26.775000000000002,15.2,3354.4,19.966666666666665,21.0,15.5,3098.0,18.44047619047619,21.375,14.75,3039.975,18.095089285714288,98.0,60.0,14535.0,86.51785714285714,98.0,60.0,15067.75,89.68898809523809,356.0,23.0,39394.0,234.48809523809524,352.5,9.0,30994.75,184.49255952380952,3.1,0.0,134.6,0.8011904761904761,2.85,0.0,84.275,0.5016369047619047,0.8080357142857142,0.05401785714285712
2020-02-16 00:00:00+00:00,0.75,0.4233333333333333,0.4272222222222222,,,50.6,0.0,207.4,1.2345238095238096,21.549999999999997,0.0,96.85,0.5764880952380953,908.4,904.6,152248.5,906.2410714285714,908.4,902.1249999999999,152071.575,905.1879464285714,3846.0,0.0,89028.57272727272,529.9319805194805,3805.1000000000004,0.9499999999999991,94763.82727272727,564.0704004329004,26.5,16.3,3353.6,19.961904761904762,26.375,15.575000000000001,3386.1749999999997,20.15580357142857,21.7,16.0,3073.3,18.29345238095238,20.975,15.2,3051.45,18.163392857142856,99.0,65.0,15250.0,90.77380952380952,98.25,60.0,14967.5,89.0922619047619,324.0,4.0,28458.0,169.39285714285714,343.5,9.75,31946.0,190.1547619047619,3.0,0.0,97.7,0.5815476190476191,3.05,0.0,96.325,0.5733630952380953,0.8772321428571428,0.0691964285714286
2020-02-23 00:00:00+00:00,0.875,0.5161111111111111,0.4305555555555556,,,66.6,0.0,196.0,1.1666666666666667,35.89999999999999,0.0,136.29999999999998,0.8113095238095239,910.6,901.9,152159.3,905.710119047619,909.025,903.4,152219.45,906.0681547619047,3805.7,1.0,110692.825,658.885863095238,3789.0499999999997,1.1749999999999992,105404.36079545454,627.4069094967532,28.5,15.4,3517.1,20.935119047619047,27.75,16.125,3529.8250000000003,21.010863095238097,21.3,14.9,3056.3,18.192261904761907,21.599999999999998,15.7,3122.275,18.584970238095238,99.0,57.0,14348.0,85.4047619047619,98.5,59.75,14605.25,86.9360119047619,360.0,4.0,32893.0,195.79166666666666,343.5,10.0,33371.75,198.64136904761904,2.8,0.0,141.7,0.8434523809523808,3.2499999999999996,0.0,123.525,0.7352678571428571,0.7668154761904762,-0.11041666666666661
2020-03-01 00:00:00+00:00,0.875,0.4755555555555555,0.4955555555555555,,,10.4,0.0,93.8,0.5583333333333333,37.449999999999996,0.0,156.29999999999998,0.9303571428571429,910.2,899.9,152240.9,906.1958333333333,909.5250000000001,902.5500000000001,152225.0,906.1011904761904,2935.0,0.1,60643.6,360.9738095238095,3636.3999999999996,0.3249999999999991,90757.9346590909,540.2258015422077,25.6,15.2,3212.6,19.122619047619047,26.75,15.675,3399.05,20.232440476190476,20.5,14.6,2979.6,17.735714285714284,21.125,15.25,3051.8,18.16547619047619,98.0,71.0,15463.0,92.04166666666667,98.5,63.25,14899.0,88.68452380952381,359.0,1.0,31838.0,189.51190476190476,349.75,8.0,33145.75,197.29613095238096,3.4,0.0,128.8,0.7666666666666667,3.0749999999999997,0.0,125.7,0.7482142857142857,0.6754464285714286,-0.09136904761904763
2020-03-08 00:00:00+00:00,0.875,0.4816666666666667,0.4816666666666667,,,11.6,0.0,93.6,0.5571428571428572,34.8,0.0,147.7,0.8791666666666668,910.2,904.4,152304.4,906.5738095238095,909.85,902.7,152238.275,906.1802083333333,3171.6,0.5,66086.725,393.3733630952381,3439.575,0.39999999999999913,81612.93068181818,485.79125405844155,22.0,12.7,2855.9,16.999404761904763,25.65,14.9,3234.8,19.254761904761907,19.6,12.3,2706.7,16.111309523809524,20.775,14.45,2953.975,17.583184523809525,99.0,67.0,15912.0,94.71428571428571,98.75,65.0,15243.25,90.73363095238095,358.0,4.0,27182.0,161.79761904761904,350.25,3.25,30092.75,179.12351190476193,1.9,0.0,50.4,0.3,2.775,0.0,104.65,0.6229166666666666,0.5598214285714286,-0.11562499999999998
2020-03-15 00:00:00+00:00,0.875,0.548888888888889,0.4816666666666667,,,2.4,0.0,6.0,0.03571428571428571,22.749999999999996,0.0,97.35,0.5794642857142858,910.4,906.2,152592.85,908.2907738095239,910.35,903.1,152324.3625,906.6926339285714,3744.7,0.6,122888.93076923076,731.4817307692307,3414.25,0.5499999999999992,90078.0201923077,536.1786916208791,26.4,14.4,3268.55,19.455654761904764,25.625,14.425,3213.5375,19.128199404761908,20.5,13.9,2952.0,17.571428571428573,20.475,13.925,2923.6499999999996,17.402678571428574,99.0,63.0,15027.5,89.44940476190476,98.75,64.5,15187.625,90.40252976190476,342.0,3.0,32829.0,195.41071428571428,354.75,3.0,31185.5,185.62797619047618,2.2,0.0,67.6,0.40238095238095234,2.5749999999999997,0.0,97.125,0.578125,0.40595238095238095,-0.15386904761904763
2020-03-22 00:00:00+00:00,1.0833333333333333,0.5538888888888889,0.5372222222222223,,,14.6,0.0,99.6,0.5928571428571429,9.749999999999996,0.0,73.24999999999999,0.4360119047619049,909.0,899.8,152078.7,905.2303571428572,909.95,902.575,152304.2125,906.572693452381,3432.6,0.0,93223.06923076924,554.8992216117216,3320.975,0.2999999999999991,85710.58125,510.1820312499999,26.7,16.0,3353.9,19.963690476190475,25.174999999999997,14.575,3172.7375,18.88534226190476,21.6,15.7,3076.7,18.313690476190477,20.55,14.125,2928.75,17.433035714285715,98.0,61.0,15256.0,90.80952380952381,98.5,65.5,15414.625,91.75372023809523,360.0,1.0,28627.0,170.39880952380952,354.75,2.25,30119.0,179.2797619047619,2.2,0.0,64.7,0.38511904761904764,2.4250000000000003,0.0,77.875,0.46354166666666663,0.35520833333333335,-0.050744047619047605
2020-03-29 00:00:00+00:00,0.7291666666666666,0.4583333333333333,0.4583333333333333,,,11.0,0.0,39.0,0.23214285714285715,9.899999999999997,0.0,59.54999999999998,0.35446428571428584,911.5,906.7,152688.5,908.860119047619,910.2750000000001,904.275,152416.1125,907.2387648809523,3636.4,0.0,133429.6769230769,794.2242673992673,3496.325,0.2749999999999991,103907.10048076924,618.4946457188644,25.0,11.6,2890.4,17.204761904761906,25.025,13.674999999999999,3092.1875000000005,18.405877976190478,19.9,11.2,2548.7,15.170833333333333,20.4,13.275,2821.0249999999996,16.79181547619048,99.0,57.0,14867.0,88.49404761904762,98.75,62.0,15265.625,90.86681547619048,360.0,1.0,27891.0,166.01785714285714,355.0,2.25,29132.25,173.40625,2.1,0.0,71.1,0.42321428571428565,2.1,0.0,63.45,0.3776785714285714,0.40982142857142856,0.05461309523809521
2020-04-05 00:00:00+00:00,0.7291666666666666,0.4166666666666667,0.4166666666666667,,,14.0,0.0,74.0,0.44047619047619047,10.499999999999996,0.0,54.64999999999999,0.32529761904761917,910.2,898.6,152165.8,905.7488095238094,910.275,902.8249999999999,152381.4625,907.0325148809524,3273.6,0.0,101698.32692307692,605.347184065934,3521.825,0.1499999999999991,112810.00096153846,671.4881009615384,27.2,12.7,3232.5,19.241071428571427,26.325,13.675,3186.3375,18.966294642857143,20.5,12.1,2949.5,17.55654761904762,20.625,13.224999999999998,2881.725,17.153125000000003,99.0,59.0,15203.0,90.49404761904762,98.75,60.0,15088.375,89.81175595238095,358.0,5.0,31102.0,185.13095238095238,355.0,2.5,30112.25,179.23958333333334,2.8,0.0,78.4,0.4666666666666667,2.325,0.0,70.45,0.41934523809523805,0.5016369047619047,0.09181547619047614
2020-04-12 00:00:00+00:00,0.75,0.3194444444444444,0.3194444444444444,,,6.0,0.0,53.0,0.31547619047619047,11.399999999999997,0.0,66.39999999999999,0.39523809523809533,910.2,904.7,152357.8,906.8916666666667,910.225,902.45,152322.7,906.6827380952382,2702.8,0.0,49297.973076923074,293.4403159340659,3261.35,0.0,94412.26153846153,561.9777472527472,23.4,13.5,2778.1,16.536309523809525,25.575,13.45,3063.7250000000004,18.23645833333333,20.8,12.6,2630.2,15.65595238095238,20.7,12.899999999999999,2801.275,16.674255952380953,99.0,69.0,15928.0,94.80952380952381,98.75,61.5,15313.5,91.15178571428572,355.0,2.0,23510.0,139.9404761904762,358.25,2.25,27782.5,165.3720238095238,2.1,0.0,65.0,0.3869047619047619,2.3000000000000003,0.0,69.8,0.41547619047619044,0.5733630952380953,0.07172619047619055
2020-04-19 00:00:00+00:00,0.6666666666666666,0.2872222222222222,0.2638888888888889,,,1.8,0.0,6.0,0.03571428571428571,8.199999999999996,0.0,42.999999999999986,0.25595238095238104,913.1,902.5,152709.0,908.9821428571429,911.25,903.125,152480.275,907.6206845238095,2766.2,0.1,71688.94230769231,426.71989468864473,3094.75,0.024999999999999113,89028.7298076923,529.932915521978,24.8,13.2,2885.6,17.176190476190477,25.099999999999998,12.749999999999998,2946.6499999999996,17.539583333333333,18.7,12.9,2621.9,15.60654761904762,19.975,12.2,2687.575,15.99747023809524,99.0,62.0,15285.0,90.98214285714286,99.0,61.75,15320.75,91.19494047619048,359.0,8.0,28417.0,169.14880952380952,358.0,4.0,27730.0,165.0595238095238,2.9,0.0,77.7,0.4625,2.4749999999999996,0.0,73.05000000000001,0.4348214285714286,0.7352678571428571,0.16190476190476188
2020-04-26 00:00:00+00:00,0.625,0.3055555555555556,0.3055555555555556,,,0.8,0.0,1.6,0.009523809523809525,5.649999999999997,0.0,33.649999999999984,0.20029761904761914,913.3,906.9,152852.8,909.8380952380952,911.7,903.175,152521.34999999998,907.8651785714286,3125.9,8.0,112636.68461538461,670.456456043956,2967.125,2.024999999999999,83830.48173076923,498.99096268315014,24.0,11.5,2759.5,16.425595238095237,24.85,12.725,2913.9249999999997,17.344791666666666,17.9,11.0,2388.8,14.21904761904762,19.475,12.149999999999999,2647.6000000000004,15.75952380952381,99.0,54.0,14739.0,87.73214285714286,99.0,61.0,15288.75,91.00446428571428,360.0,15.0,30375.0,180.80357142857142,358.0,7.5,28351.0,168.75595238095238,1.8,0.0,41.0,0.24404761904761904,2.4,0.0,65.525,0.3900297619047619,0.7482142857142857,0.012946428571428581
2020-05-03 00:00:00+00:00,0.6041666666666666,0.3249999999999999,0.3066666666666666,,,3.4,0.0,15.4,0.09166666666666667,2.9999999999999964,0.0,18.999999999999986,0.1130952380952382,914.6,905.2,152892.0,910.0714285714286,912.8000000000001,904.825,152702.9,908.9458333333333,2991.0,0.4,112250.7923076923,668.159478021978,2896.4750000000004,2.124999999999999,86468.59807692307,514.6940361721612,24.3,11.6,2810.3,16.72797619047619,24.125,12.45,2808.375,16.716517857142858,18.3,10.0,2320.2,13.810714285714285,18.925,11.625,2490.275,14.823065476190475,99.0,50.0,14139.0,84.16071428571429,99.0,58.75,15022.75,89.42113095238096,358.0,1.0,31793.0,189.24404761904762,358.0,6.5,28523.75,169.7842261904762,2.5,0.0,100.5,0.5982142857142857,2.325,0.0,71.05000000000001,0.4229166666666667,0.6229166666666666,-0.12529761904761916
2020-05-10 00:00:00+00:00,0.5416666666666666,0.2927777777777777,0.2927777777777777,,,3.8,0.0,29.2,0.1738095238095238,2.4499999999999966,0.0,13.049999999999986,0.07767857142857154,914.5,904.0,152738.8,909.1595238095238,913.875,904.65,152798.15,909.5127976190475,2891.3,2.7,85316.11538461539,507.8340201465202,2943.6,2.799999999999999,95473.13365384616,568.2924622252748,23.2,9.0,2521.3,15.007738095238096,24.075,11.325,2744.175,16.334375,17.6,8.7,2169.3,12.912500000000001,18.125,10.65,2375.05,14.137202380952381,98.0,62.0,14785.0,88.00595238095238,98.75,57.0,14737.0,87.72023809523809,348.0,10.0,29867.0,177.7797619047619,356.25,8.5,30113.0,179.24404761904762,2.7,0.0,136.2,0.8107142857142856,2.475,0.0,88.85,0.5288690476190476,0.578125,-0.04479166666666656
2020-05-17 00:00:00+00:00,0.4791666666666667,0.3472222222222222,0.315,,,3.6,0.0,23.0,0.13690476190476192,2.8999999999999964,0.0,17.299999999999986,0.1029761904761906,912.4,904.8,152645.1,908.6017857142857,913.7,905.2249999999999,152782.175,909.4177083333333,2870.2,1.1,87708.92692307693,522.076945970696,2969.6000000000004,3.049999999999999,99478.12980769231,592.1317250457876,23.4,10.5,2755.5,16.401785714285715,23.725,10.65,2711.65,16.14077380952381,17.5,9.0,2293.9,13.654166666666667,17.825,9.675,2293.05,13.649107142857144,99.0,47.0,14285.0,85.0297619047619,98.75,53.25,14487.0,86.23214285714286,360.0,2.0,31911.0,189.94642857142858,356.5,7.0,30986.5,184.4434523809524,2.5,0.0,152.9,0.9101190476190476,2.375,0.0,107.64999999999999,0.6407738095238095,0.46354166666666663,-0.11458333333333337
2020-05-24 00:00:00+00:00,0.4791666666666667,0.3083333333333333,0.2888888888888889,,,9.8,0.0,38.2,0.2273809523809524,5.149999999999997,0.0,26.44999999999999,0.1574404761904763,915.6,905.3,152973.0,910.5535714285714,914.275,904.825,152812.225,909.5965773809523,2761.8,0.07142857142857142,92566.11868131868,550.9888016745159,2878.575,1.067857142857142,94460.48832417582,562.2648114534275,23.8,10.7,2883.3,17.1625,23.675,10.45,2742.6000000000004,16.325,18.1,9.9,2377.2,14.149999999999999,17.875,9.4,2290.15,13.631845238095238,99.0,57.0,13992.0,83.28571428571429,98.75,54.0,14300.25,85.12053571428571,346.0,14.0,38020.0,226.3095238095238,353.0,6.75,32897.75,195.81994047619048,3.7,0.0,179.7,1.0696428571428571,2.85,0.0,142.325,0.847172619047619,0.3776785714285714,-0.08586309523809521
2020-05-31 00:00:00+00:00,0.4583333333333333,0.2944444444444444,0.2705555555555555,,,1.4,0.0,3.0,0.017857142857142856,4.649999999999997,0.0,23.349999999999987,0.13898809523809535,912.2,901.7,152438.0,907.3690476190476,913.675,903.95,152698.725,908.9209821428572,2734.3,0.0,113042.72142857143,672.8733418367347,2814.3999999999996,0.9678571428571421,94658.47060439561,563.4432774071167,21.3,6.2,2299.3,13.686309523809525,22.925,9.1,2614.85,15.564583333333335,15.3,5.4,1735.8,10.332142857142857,17.125,8.25,2144.05,12.762202380952381,99.0,53.0,13725.0,81.69642857142857,98.75,54.75,14196.75,84.50446428571428,360.0,2.0,30482.0,181.4404761904762,353.5,7.0,32570.0,193.8690476190476,2.7,0.0,134.9,0.8029761904761905,2.9000000000000004,0.0,150.925,0.8983630952380952,0.41934523809523805,0.04166666666666663
2020-06-07 00:00:00+00:00,0.4583333333333333,0.2944444444444444,0.2705555555555555,,,0.2,0.0,0.4,0.002380952380952381,3.7499999999999964,0.0,16.149999999999988,0.0961309523809525,914.2,906.2,152880.7,910.0041666666667,913.6,904.5,152734.2,909.1321428571429,2583.5,0.2,75094.96373626374,446.99383176347465,2737.45,0.34285714285714197,92103.1826923077,548.2332303113553,22.7,9.0,2701.9,16.082738095238096,22.8,9.1,2660.0,15.833333333333336,16.6,8.0,2271.1,13.51845238095238,16.875,8.075,2169.5,12.913690476190474,98.0,46.0,14404.0,85.73809523809524,98.75,50.75,14101.5,83.9375,340.0,3.0,33761.0,200.95833333333334,351.5,5.25,33543.5,199.66369047619048,3.3,0.0,113.4,0.675,3.0500000000000003,0.0,145.225,0.8644345238095237,0.41547619047619044,-0.0038690476190476053
2020-06-14 00:00:00+00:00,0.5,0.3516666666666667,0.3516666666666667,,,5.8,0.0,28.0,0.16666666666666666,4.299999999999996,0.0,17.399999999999984,0.10357142857142869,915.3,906.4,152718.9,909.0410714285714,914.3249999999999,904.9,152752.65,909.2419642857143,2465.6,0.2,73328.82692307692,436.4811126373626,2636.3,0.11785714285714197,88508.1576923077,526.834271978022,26.0,13.0,3032.9,18.05297619047619,23.450000000000003,9.725,2729.3500000000004,16.246130952380952,18.2,12.2,2506.2,14.917857142857141,17.05,8.875,2222.575,13.229613095238095,98.0,50.0,13975.0,83.18452380952381,98.5,51.5,14024.0,83.47619047619048,358.0,4.0,34175.0,203.42261904761904,351.0,5.75,34109.5,203.03273809523807,2.1,0.0,58.4,0.3476190476190476,2.9499999999999997,0.0,121.6,0.7238095238095238,0.4348214285714286,0.019345238095238138
2020-06-21 00:00:00+00:00,0.625,0.3472222222222222,0.3655555555555556,,,2.0,0.0,29.2,0.1738095238095238,2.349999999999996,0.0,15.149999999999984,0.09017857142857154,917.5,910.1,153452.4,913.4071428571428,914.8,906.1,152872.5,909.9553571428571,2830.2,0.0,80350.41153846154,478.2762591575092,2653.4,0.09999999999999912,85454.23090659341,508.65613634877025,23.5,11.6,2731.3,16.257738095238096,23.375,9.95,2691.35,16.019940476190477,17.4,9.4,2253.1,13.411309523809523,16.875,8.75,2191.5499999999997,13.044940476190476,98.0,57.0,14154.0,84.25,98.25,51.5,14064.5,83.7172619047619,350.0,5.0,31596.0,188.07142857142858,352.0,3.5,32503.5,193.47321428571428,3.2,0.0,129.9,0.7732142857142857,2.825,0.0,109.15,0.649702380952381,0.3900297619047619,-0.044791666666666674
2020-06-28 00:00:00+00:00,0.625,0.3422222222222222,0.345,,,0.4,0.0,1.2000000000000002,0.0071428571428571435,2.099999999999996,0.0,14.699999999999985,0.0875000000000001,912.8,904.5,152664.8,908.7190476190475,914.95,906.8,152929.2,910.2928571428571,2503.1,0.0,89583.99065934066,533.2380396389325,2595.6,0.09999999999999912,79589.54821428572,473.74731079931973,24.2,11.0,2763.3,16.448214285714286,24.1,11.149999999999999,2807.3500000000004,16.710416666666667,16.4,6.2,1980.1,11.786309523809523,17.15,8.95,2252.625,13.408482142857142,98.0,38.0,12797.0,76.17261904761905,98.0,47.75,13832.5,82.33630952380953,354.0,2.0,33664.0,200.38095238095238,350.5,3.5,33299.0,198.20833333333334,3.1,0.0,178.9,1.0648809523809524,2.9250000000000003,0.0,120.15,0.7151785714285714,0.4229166666666667,0.03288690476190481
2020-07-05 00:00:00+00:00,0.6458333333333334,0.3522222222222222,0.3588888888888888,,,1.8,0.0,11.200000000000001,0.06666666666666668,2.4999999999999964,0.0,17.399999999999984,0.10357142857142869,914.1,900.9,152517.4,907.8416666666666,914.925,905.475,152838.375,909.7522321428571,2536.0,0.8,61056.02857142857,363.42874149659866,2583.725,0.2499999999999991,76079.81442307692,452.8560382326007,20.6,12.1,2571.3,15.305357142857144,23.575,11.924999999999999,2774.7,16.51607142857143,15.1,11.0,2173.3,12.936309523809525,16.775,9.7,2228.175,13.262946428571428,98.0,62.0,14534.0,86.51190476190476,98.0,51.75,13865.0,82.52976190476191,353.0,10.0,30763.0,183.11309523809524,353.75,5.25,32549.5,193.74702380952382,6.0,0.0,210.6,1.2535714285714286,3.6,0.0,144.45,0.8598214285714286,0.5288690476190476,0.10595238095238091
2020-07-12 00:00:00+00:00,0.5625,0.3644444444444444,0.3644444444444444,,,0.6,0.0,2.4,0.014285714285714285,1.1999999999999964,0.0,10.999999999999986,0.06547619047619059,913.2,904.4,152702.7,908.944642857143,914.4000000000001,904.9749999999999,152834.32499999998,909.728125,2619.5,0.0,93894.40384615384,558.8952609890109,2622.2,0.19999999999999912,81221.20865384614,483.4595753205128,24.4,11.2,2837.9,16.892261904761906,23.174999999999997,11.475000000000001,2725.95,16.22589285714286,16.0,6.8,2044.3,12.168452380952381,16.224999999999998,8.35,2112.7,12.575595238095238,97.0,37.0,12807.0,76.23214285714286,97.75,48.5,13573.0,80.79166666666667,358.0,30.0,35910.0,213.75,353.75,11.75,32983.25,196.32886904761907,3.9,0.0,176.2,1.0488095238095236,4.05,0.0,173.9,1.0351190476190477,0.6407738095238095,0.11190476190476184
2020-07-19 00:00:00+00:00,0.7916666666666666,0.44,0.4522222222222222,,,3.2,0.0,27.0,0.16071428571428573,1.4999999999999964,0.0,10.449999999999985,0.06220238095238107,915.1,907.5,153118.5,911.4196428571429,913.8000000000001,904.325,152750.85,909.23125,2654.6,0.1,74983.06923076922,446.327793040293,2578.3,0.22499999999999912,79879.37307692308,475.4724587912088,24.7,11.4,2571.8,15.308333333333334,23.474999999999998,11.425,2686.0750000000003,15.988541666666668,16.5,9.6,2141.5,12.74702380952381,16.0,8.4,2084.8,12.40952380952381,97.0,43.0,14441.0,85.95833333333333,97.5,45.0,13644.75,81.21875,358.0,1.0,30684.0,182.64285714285714,355.75,10.75,32755.25,194.9717261904762,2.8,0.0,102.5,0.6101190476190477,3.9499999999999997,0.0,167.05,0.994345238095238,0.847172619047619,0.2063988095238095
2020-07-26 00:00:00+00:00,0.9583333333333334,0.5233333333333333,0.5233333333333333,,,0.0,0.0,0.0,0.0,1.3999999999999964,0.0,10.149999999999984,0.060416666666666785,913.6,908.6,153037.7,910.9386904761906,914.0,905.35,152844.075,909.7861607142858,2743.2,3.7,116427.75384615385,693.0223443223443,2638.325,1.149999999999999,86590.31387362636,515.4185349620617,23.2,11.3,2810.2,16.72738095238095,23.224999999999998,11.5,2697.8,16.058333333333334,15.6,9.7,2064.9,12.29107142857143,15.799999999999999,9.274999999999999,2106.0,12.535714285714286,96.0,44.0,12906.0,76.82142857142857,97.0,46.5,13672.0,81.38095238095238,355.0,34.0,35580.0,211.78571428571428,356.0,18.75,33234.25,197.82291666666669,2.3,0.0,135.5,0.8065476190476191,3.75,0.0,156.2,0.9297619047619048,0.8983630952380952,0.05119047619047623
2020-08-02 00:00:00+00:00,1.0416666666666667,0.5511111111111111,0.5511111111111111,,,5.0,0.0,39.4,0.23452380952380952,2.1999999999999966,0.0,17.199999999999985,0.10238095238095249,917.2,908.2,153374.15,912.941369047619,914.7750000000001,907.175,153058.2625,911.0610863095238,2717.5,0.1,78063.78461538462,464.66538461538465,2683.7,0.9749999999999992,90842.25288461539,540.7276957417582,24.6,9.9,2559.9,15.2375,24.225,10.95,2694.9500000000003,16.04136904761905,15.8,9.3,2110.4,12.561904761904762,15.975,8.85,2090.275,12.442113095238096,97.0,39.0,14325.0,85.26785714285714,96.75,40.75,13619.75,81.06994047619048,357.0,7.0,31395.0,186.875,357.0,18.0,33392.25,198.76339285714283,2.2,0.0,115.95,0.6901785714285714,2.8,0.0,132.5375,0.7889136904761904,0.8644345238095237,-0.03392857142857153
2020-08-09 00:00:00+00:00,1.1666666666666667,0.5416666666666666,0.5555555555555556,,,0.0,0.0,0.0,0.0,2.0499999999999963,0.0,16.599999999999984,0.09880952380952393,918.2,912.1,153836.4,915.6928571428571,916.0250000000001,909.1000000000001,153341.6875,912.7481398809524,2904.4,7.8,122224.50769230768,727.5268315018315,2754.925,2.924999999999999,97924.77884615384,582.8855883699633,21.5,7.4,2307.4,13.734523809523811,23.5,10.0,2562.325,15.251934523809524,12.4,6.1,1669.1,9.935119047619047,15.075,8.674999999999999,1996.475,11.883779761904762,96.0,45.0,13340.0,79.4047619047619,96.5,42.75,13753.0,81.86309523809523,352.0,21.0,34304.0,204.1904761904762,355.5,15.75,32990.75,196.3735119047619,3.1,0.0,119.9,0.7136904761904762,2.5999999999999996,0.0,118.4625,0.7051339285714286,0.7238095238095238,-0.1406249999999999
2020-08-16 00:00:00+00:00,0.9583333333333334,0.5588888888888889,0.5644444444444444,,,0.8,0.0,2.0,0.011904761904761904,1.4499999999999962,0.0,10.349999999999985,0.06160714285714297,912.2,904.4,152525.2,907.8880952380953,915.3,908.325,153193.36250000002,911.8652529761905,2865.4,9.5,108751.27307692308,647.3290064102564,2807.625,5.274999999999999,106366.82980769231,633.1358917124542,25.1,11.2,3062.0,18.226190476190474,23.6,9.95,2684.875,15.98139880952381,16.3,7.7,2179.7,12.974404761904761,15.025,8.2,2006.025,11.940625,96.0,37.0,12264.0,73.0,96.25,41.25,13208.75,78.6235119047619,350.0,2.0,35953.0,214.00595238095238,353.5,16.0,34308.0,204.21428571428572,2.9,0.0,173.8,1.0345238095238096,2.625,0.0,136.28750000000002,0.8112351190476191,0.649702380952381,-0.07410714285714282
2020-08-23 00:00:00+00:00,0.9583333333333334,0.62,0.6455555555555555,,,11.6,0.0,181.2,1.0785714285714285,4.349999999999996,0.0,55.649999999999984,0.3312500000000001,914.2,903.7,152689.7,908.867261904762,915.45,907.1,153106.3625,911.3473958333334,3185.6,0.1,74322.9576923077,442.3985576923077,2918.2250000000004,4.374999999999999,95840.63076923077,570.479945054945,27.3,9.0,2652.0,15.785714285714286,24.625,9.375,2645.325,15.745982142857143,18.0,6.5,2216.5,13.193452380952381,15.625,7.4,2043.9250000000002,12.166220238095239,97.0,45.0,14471.0,86.13690476190476,96.5,41.5,13600.0,80.95238095238095,356.0,1.0,23699.0,141.0654761904762,353.75,7.75,31337.75,186.5342261904762,3.3,0.0,171.3,1.0196428571428573,2.875,0.0,145.2375,0.8645089285714287,0.7151785714285714,0.06547619047619047
2020-08-30 00:00:00+00:00,0.9583333333333334,0.5694444444444444,0.5783333333333334,,,3.0,0.0,12.0,0.07142857142857142,3.849999999999996,0.0,48.79999999999998,0.29047619047619055,913.2,906.5,152861.0,909.8869047619048,914.45,906.6750000000001,152978.075,910.5837797619048,3216.1,5.0,130258.9076923077,775.350641025641,3042.875,5.599999999999999,108889.41153846154,648.1512591575091,26.7,8.0,2537.3,15.102976190476191,25.150000000000002,8.9,2639.675,15.712351190476191,15.2,7.2,1917.4,11.413095238095238,15.475000000000001,6.875,1995.675,11.879017857142857,97.0,37.0,13541.0,80.60119047619048,96.5,41.0,13404.0,79.78571428571428,356.0,9.0,29970.0,178.39285714285714,353.5,8.25,30981.5,184.41369047619048,2.5,0.0,182.9,1.0886904761904763,2.95,0.0,161.97500000000002,0.9641369047619048,0.8598214285714286,0.14464285714285718
2020-09-06 00:00:00+00:00,0.875,0.5127777777777778,0.5033333333333334,,,6.2,0.0,17.599999999999998,0.10476190476190475,5.399999999999996,0.0,53.19999999999998,0.31666666666666676,916.2,906.6,153080.1,911.1910714285715,913.95,905.3000000000001,152789.0,909.4583333333334,3249.0,10.5,135639.8423076923,807.3800137362638,3129.0249999999996,6.274999999999999,112243.24519230769,668.1145547161173,27.4,12.7,3010.2,17.91785714285714,26.625,10.225,2815.375,16.758184523809526,17.4,10.2,2298.4,13.680952380952382,16.724999999999998,7.8999999999999995,2153.0,12.81547619047619,96.0,38.0,13152.0,78.28571428571429,96.5,39.25,13357.0,79.50595238095238,341.0,1.0,30362.0,180.72619047619048,350.75,3.25,29996.0,178.54761904761904,2.7,0.0,138.5,0.8244047619047619,2.8499999999999996,0.0,166.62500000000003,0.9918154761904763,1.0351190476190477,0.1752976190476191
2020-09-13 00:00:00+00:00,0.875,0.4816666666666667,0.5033333333333334,,,0.0,0.0,0.0,0.0,5.199999999999996,0.0,52.69999999999998,0.3136904761904763,912.4,905.3,152668.2,908.7392857142858,914.0000000000001,905.5250000000001,152824.75,909.671130952381,3274.6,0.0,140325.925,835.273363095238,3231.325,3.8999999999999986,120136.90817307692,715.1006438873626,30.1,11.7,3300.4,19.645238095238096,27.875,10.35,2874.975,17.112946428571426,20.4,8.5,2378.3,14.15654761904762,17.75,8.1,2202.65,13.111011904761904,96.0,29.0,12375.0,73.66071428571429,96.5,37.25,13384.75,79.67113095238096,331.0,7.0,33154.0,197.3452380952381,346.0,4.5,29296.25,174.38244047619048,3.0,0.0,140.1,0.8339285714285714,2.875,0.0,158.2,0.9416666666666667,0.994345238095238,-0.04077380952380971
2020-09-20 00:00:00+00:00,0.75,0.3522222222222222,0.3727777777777777,,,12.6,0.0,54.4,0.3238095238095238,5.449999999999996,0.0,20.999999999999986,0.1250000000000001,913.4,903.4,152559.4,908.0916666666666,913.8,905.4499999999999,152792.175,909.4772321428571,3323.4,0.0,104885.3,624.317261904762,3265.775,3.8749999999999987,127777.49375,760.5803199404761,31.5,14.5,3339.5,19.87797619047619,28.925,11.725,3046.8500000000004,18.136011904761904,19.9,8.7,2328.9,13.8625,18.224999999999998,8.649999999999999,2230.75,13.27827380952381,97.0,28.0,12105.0,72.05357142857143,96.5,33.0,12793.25,76.15029761904762,355.0,2.0,32029.0,190.64880952380952,345.75,4.75,31378.75,186.77827380952382,2.5,0.0,156.9,0.9339285714285714,2.675,0.0,154.6,0.9202380952380953,0.9297619047619048,-0.06458333333333321
2020-09-27 00:00:00+00:00,0.75,0.3366666666666666,0.3655555555555556,,,7.0,0.0,66.8,0.3976190476190476,6.449999999999996,0.0,34.69999999999999,0.20654761904761915,915.1,903.1,152769.4,909.3416666666666,914.2750000000001,904.5999999999999,152769.275,909.3409226190477,3501.7,0.2,96583.1,574.8994047619047,3337.175,2.6749999999999985,119358.54182692307,710.4675108745421,30.0,12.0,3037.5,18.080357142857142,29.75,12.725,3171.9,18.880357142857143,18.4,9.5,2422.8,14.421428571428573,19.025,9.225,2357.1000000000004,14.030357142857143,96.0,33.0,13681.0,81.43452380952381,96.25,32.0,12828.25,76.35863095238096,348.0,1.0,33117.0,197.125,343.75,2.75,32165.5,191.46130952380952,2.5,0.0,103.0,0.6130952380952381,2.675,0.0,134.625,0.8013392857142858,0.7889136904761904,-0.14084821428571437
2020-10-04 00:00:00+00:00,0.7083333333333334,0.2688888888888889,0.3261111111111111,,,3.8,0.0,24.0,0.14285714285714285,5.849999999999996,0.0,36.29999999999998,0.21607142857142866,910.7,903.7,152363.8,906.9273809523809,912.9,903.875,152590.2,908.275,3419.6,0.4,126839.375,754.9962797619048,3379.825,0.1499999999999987,117158.425,697.3715773809524,32.4,16.2,3636.3,21.64464285714286,31.0,13.6,3328.425,19.81205357142857,20.7,12.0,2804.7,16.694642857142856,19.85,9.675,2483.675,14.78377976190476,97.0,30.0,12805.0,76.2202380952381,96.5,30.0,12741.5,75.84226190476191,356.0,4.0,28756.0,171.16666666666666,347.5,3.5,31764.0,189.07142857142858,2.7,0.0,129.8,0.7726190476190476,2.6750000000000003,0.0,132.45000000000002,0.7883928571428572,0.7051339285714286,-0.08377976190476177
2020-10-11 00:00:00+00:00,0.6041666666666666,0.3105555555555555,0.3122222222222222,,,3.2,0.0,17.0,0.10119047619047619,6.649999999999997,0.0,40.54999999999998,0.24136904761904773,910.4,901.7,152214.5,906.0386904761905,912.4,902.9749999999999,152476.775,907.5998511904761,3093.6,4.8,84627.4,503.73452380952375,3334.575,1.3499999999999988,103233.79375,614.4868675595238,30.8,12.3,3316.3,19.739880952380954,31.175,13.75,3332.4,19.835714285714285,21.8,8.8,2784.0,16.571428571428573,20.2,9.75,2585.1,15.387500000000001,96.0,37.0,14005.0,83.36309523809524,96.5,32.0,13149.0,78.26785714285715,358.0,1.0,26284.0,156.45238095238096,354.25,2.0,30046.5,178.84821428571428,3.9,0.0,138.0,0.8214285714285714,2.9000000000000004,0.0,131.925,0.7852678571428571,0.8112351190476191,0.10610119047619049
2020-10-18 00:00:00+00:00,0.9166666666666666,0.3144444444444444,0.3077777777777777,,,5.4,0.0,50.6,0.3011904761904762,4.849999999999996,0.0,39.59999999999999,0.23571428571428582,911.7,903.6,152558.6,908.0869047619047,911.9749999999999,903.0250000000001,152476.57499999998,907.5986607142856,3475.2,5.0,89055.775,530.0938988095238,3372.525,2.5999999999999988,99276.4125,590.9310267857143,26.6,12.5,2893.3,17.22202380952381,29.95,13.25,3220.85,19.171726190476193,20.3,8.5,2441.4,14.532142857142858,20.3,9.7,2613.225,15.554910714285715,97.0,57.0,14298.0,85.10714285714286,96.5,39.25,13697.25,81.53125,354.0,1.0,30028.0,178.73809523809524,354.0,1.75,29546.25,175.87053571428572,2.7,0.0,141.5,0.8422619047619048,2.95,0.0,128.07500000000002,0.7623511904761906,0.8645089285714287,0.05327380952380956
2020-10-25 00:00:00+00:00,0.9166666666666666,0.3127777777777777,0.3333333333333333,,,21.2,0.0,89.0,0.5297619047619048,8.399999999999995,0.0,45.14999999999999,0.26875000000000016,911.4,900.8,152465.0,907.5297619047619,911.05,902.4499999999999,152400.475,907.1456845238096,3778.7,0.1,101870.075,606.369494047619,3441.7749999999996,2.574999999999999,100598.15625,598.7985491071428,22.9,11.4,2980.3,17.739880952380954,28.175,13.1,3206.55,19.086607142857144,17.9,10.7,2489.1,14.816071428571428,20.174999999999997,10.0,2629.8,15.653571428571428,96.0,54.0,14059.0,83.68452380952381,96.5,44.5,13791.75,82.09375,342.0,2.0,33924.0,201.92857142857142,352.5,2.0,29748.0,177.07142857142856,2.5,0.0,152.0,0.9047619047619048,2.95,0.0,140.32500000000002,0.8352678571428572,0.9641369047619048,0.09962797619047614
2020-11-01 00:00:00+00:00,0.9441666666666668,0.3227777777777778,0.3333333333333333,,,12.6,0.0,210.4,1.2523809523809524,10.599999999999996,0.0,91.74999999999999,0.5461309523809526,908.4,896.8,151715.2,903.0666666666667,910.475,900.725,152238.325,906.1805059523809,3658.8,0.1,92800.375,552.3831845238095,3501.5750000000003,2.4999999999999987,92088.40625,548.145275297619,29.5,11.1,3051.6,18.164285714285715,27.450000000000003,11.825,3060.375,18.21651785714286,21.0,10.4,2671.2,15.899999999999999,20.25,9.6,2596.425,15.454910714285715,97.0,45.0,14764.0,87.88095238095238,96.5,48.25,14281.5,85.00892857142857,358.0,5.0,23001.0,136.91071428571428,353.0,2.25,28309.25,168.50744047619048,2.6,0.0,112.7,0.6708333333333334,2.925,0.0,136.04999999999998,0.8098214285714286,0.9918154761904763,0.02767857142857144
2020-11-08 00:00:00+00:00,1.0,0.3644444444444444,0.5833333333333334,,,8.2,0.0,35.199999999999996,0.2095238095238095,11.849999999999996,0.0,96.29999999999998,0.5732142857142859,910.8,903.9,152305.4,906.5797619047619,910.575,901.2749999999999,152261.05,906.3157738095239,3546.1,0.7,78536.05,467.4764880952381,3614.7,1.4749999999999988,90565.56875,539.0807663690476,25.0,9.7,2530.4,15.061904761904762,26.0,11.175,2863.9,17.04702380952381,19.4,8.6,2301.3,13.698214285714286,19.65,9.55,2475.75,14.736607142857142,97.0,68.0,15439.0,91.89880952380952,96.75,56.0,14640.0,87.14285714285714,358.0,2.0,26622.0,158.46428571428572,353.0,2.5,28393.75,169.01041666666666,1.9,0.0,51.0,0.30357142857142855,2.425,0.0,114.3,0.6803571428571429,0.9416666666666667,-0.05014880952380962
2020-11-15 00:00:00+00:00,1.0416666666666667,0.4138888888888889,0.6527777777777778,,,38.4,0.0,79.8,0.475,20.099999999999994,0.0,103.59999999999998,0.6166666666666668,909.1,902.4,152046.7,905.039880952381,909.9250000000001,900.9749999999999,152133.075,905.5540178571429,3785.8,0.0,90920.675,541.1944940476191,3692.35,0.22499999999999865,91031.79375,541.8559151785714,27.1,15.8,3331.4,19.829761904761906,26.125,12.0,2973.425,17.698958333333334,21.5,14.5,3033.1,18.054166666666667,19.95,11.05,2623.675,15.617113095238095,97.0,61.0,15100.0,89.88095238095238,96.75,57.0,14840.5,88.33630952380952,359.0,5.0,30562.0,181.91666666666666,354.25,3.5,28527.25,169.80505952380952,1.9,0.0,52.0,0.30952380952380953,2.225,0.0,91.92500000000001,0.547172619047619,0.9202380952380953,-0.021428571428571352
2020-11-22 00:00:00+00:00,1.0416666666666667,0.4488888888888889,0.6527777777777778,,,10.8,0.0,168.6,1.0035714285714286,17.499999999999996,0.0,123.5,0.7351190476190478,909.3,898.7,151776.3,903.430357142857,909.4,900.45,151960.90000000002,904.5291666666667,3330.4,0.1,77809.0090909091,463.14886363636367,3580.275,0.22499999999999865,85016.52727272727,506.05075757575764,28.9,12.2,3006.6,17.896428571428572,27.625,12.2,2980.0,17.738095238095237,21.0,11.2,2774.6,16.51547619047619,20.725,11.174999999999999,2695.05,16.041964285714286,99.0,48.0,15479.0,92.13690476190476,97.5,55.5,15195.5,90.44940476190476,359.0,4.0,24677.0,146.88690476190476,358.5,4.0,26215.5,156.04464285714283,2.5,0.0,70.9,0.4220238095238096,2.225,0.0,71.65,0.4264880952380953,0.8013392857142858,-0.11889880952380949
2020-11-29 00:00:00+00:00,1.0416666666666667,0.508888888888889,0.5811111111111111,,,14.0,0.0,24.6,0.14642857142857144,17.849999999999994,0.0,77.04999999999998,0.45863095238095253,912.5,906.4,152805.5,909.5565476190476,910.425,902.8499999999999,152233.47499999998,906.151636904762,4294.8,0.1,145812.54090909092,867.9317911255412,3739.275,0.22499999999999865,98269.56875,584.9379092261905,26.8,15.2,3304.9,19.67202380952381,26.95,13.225000000000001,3043.3250000000003,18.11502976190476,19.3,13.0,2683.4,15.972619047619048,20.3,11.825,2698.1,16.060119047619047,97.0,43.0,13573.0,80.79166666666667,97.5,55.0,14897.75,88.67708333333333,347.0,5.0,33089.0,196.95833333333334,355.75,4.0,28737.5,171.05654761904762,2.1,0.0,99.9,0.5946428571428571,2.1,0.0,68.45,0.40744047619047624,0.7883928571428572,-0.012946428571428581
2020-12-06 00:00:00+00:00,1.0416666666666667,0.4933333333333334,0.6294444444444445,,,18.6,0.0,109.8,0.6535714285714286,20.449999999999996,0.0,95.69999999999999,0.5696428571428573,909.2,901.7,152176.2,905.8107142857143,910.025,902.3000000000001,152201.175,905.9593749999999,3868.6,0.2,94725.8,563.8440476190476,3819.9,0.09999999999999865,102317.00625,609.0297991071429,27.6,17.4,3461.5,20.604166666666668,27.6,15.149999999999999,3276.1,19.500595238095237,21.3,15.5,3082.5,18.348214285714285,20.775,13.55,2893.3999999999996,17.222619047619048,97.0,52.0,14739.0,87.73214285714286,97.5,51.0,14722.75,87.63541666666667,360.0,1.0,28908.0,172.07142857142858,356.25,3.75,29309.0,174.45833333333331,2.1,0.0,64.0,0.38095238095238093,2.15,0.0,71.7,0.4267857142857143,0.7852678571428571,-0.0031250000000001554
2020-12-13 00:00:00+00:00,1.0416666666666667,0.5244444444444444,0.6433333333333333,,,12.4,0.0,84.8,0.5047619047619047,13.949999999999998,0.0,96.94999999999999,0.5770833333333335,908.6,902.8,152134.4,905.5619047619048,909.9,902.4000000000001,152223.1,906.089880952381,3345.0,0.0,70835.89,421.64220238095237,3709.7000000000003,0.09999999999999865,97295.81,579.1417261904762,25.9,15.5,3289.0,19.577380952380953,27.3,15.075,3265.5,19.4375,21.0,17.2,3171.9,18.880357142857143,20.65,14.225000000000001,2928.1000000000004,17.429166666666667,100.0,59.0,14997.0,89.26785714285714,98.25,50.5,14697.0,87.48214285714286,359.0,13.0,30172.0,179.5952380952381,356.25,5.75,29211.5,173.8779761904762,2.0,0.0,64.9,0.3863095238095238,2.175,0.0,74.92500000000001,0.4459821428571429,0.7623511904761906,-0.022916666666666474
2020-12-20 00:00:00+00:00,1.125,0.54,0.6922222222222223,,,19.4,0.0,50.0,0.2976190476190476,16.099999999999994,0.0,67.29999999999998,0.4005952380952383,907.3,901.4,151927.0,904.327380952381,909.4000000000001,903.0749999999999,152260.775,906.3141369047619,3766.5,0.9,131187.21,780.8762499999999,3818.7250000000004,0.29999999999999866,110640.36022727273,658.5735727813852,30.1,16.6,3622.7,21.563690476190477,27.6,16.175,3419.5249999999996,20.35431547619048,23.2,13.6,3439.1875,20.471354166666668,21.2,14.825,3094.246875,18.418136160714283,100.0,37.0,14070.25,83.7514880952381,98.5,47.75,14344.8125,85.38578869047619,342.0,3.0,30414.0,181.03571428571428,352.0,5.5,30645.75,182.41517857142856,2.4,0.0,108.4,0.6452380952380953,2.15,0.0,84.3,0.5017857142857143,0.8352678571428572,0.07291666666666663
2020-12-27 00:00:00+00:00,1.1944444444444444,0.61,0.718425925925926,,,69.2,0.0,255.6,1.5214285714285714,29.9,0.0,125.04999999999998,0.7443452380952382,908.0,902.8,152065.6,905.152380952381,908.2750000000001,902.175,152075.8,905.2130952380952,3509.5,0.6,73642.86818181818,438.35040584415583,3622.4,0.4249999999999986,92597.94204545455,551.1782264610389,27.9,15.4,3145.0,18.720238095238095,27.875,16.224999999999998,3379.55,20.11636904761905,20.6,16.4,3105.6677631578946,18.48611763784461,21.525000000000002,15.674999999999999,3199.8138157894737,19.046510808270675,81.89473684210526,55.0,12187.381578947368,72.54393796992481,94.72368421052632,50.75,13998.407894736842,83.32385651629073,356.0,9.0,32202.0,191.67857142857142,354.25,6.5,30424.0,181.0952380952381,2.1,0.0,44.0,0.2619047619047619,2.15,0.0,70.325,0.4186011904761905,0.8098214285714286,-0.025446428571428648
2021-01-03 00:00:00+00:00,1.2638888888888888,0.68,0.7446296296296296,,,29.2,0.0,145.6,0.8666666666666666,32.55,0.0,134.0,0.7976190476190478,908.6,903.3,152102.0,905.3690476190476,908.125,902.5749999999999,152057.25,905.1026785714287,3451.8,4.2,102341.72727272728,609.1769480519481,3518.2,1.4249999999999987,94501.92386363636,562.511451569264,28.1,16.6,3435.3,20.448214285714286,28.0,16.025000000000002,3373.0,20.077380952380953,23.8,16.2,3347.544736842105,19.925861528822054,22.150000000000002,15.849999999999998,3266.075,19.44092261904762,100.0,51.0,13845.910087719298,82.41613147451963,95.47368421052632,50.5,13775.135416666666,81.99485367063491,344.0,11.0,30105.0,179.19642857142858,350.25,9.0,30723.25,182.8764880952381,2.3,0.0,79.9,0.4755952380952381,2.2,0.0,74.30000000000001,0.4422619047619048,0.6803571428571429,-0.1294642857142857
2021-01-10 00:00:00+00:00,1.3333333333333333,0.75,0.7708333333333334,,,32.4,0.0,187.6,1.1166666666666667,37.55,0.0,159.7,0.9505952380952382,906.8,902.8,151980.3,904.6446428571428,907.675,902.575,152018.72499999998,904.8733630952381,3790.3,0.2,118741.75,706.796130952381,3629.525,1.4749999999999988,106478.38886363636,633.7999337121212,27.6,15.7,3489.8,20.77261904761905,28.425,16.075000000000003,3423.2,20.376190476190477,23.8,17.0,3601.928947368421,21.440053258145365,22.849999999999998,15.799999999999997,3373.582236842105,20.080846647869674,100.0,55.0,14416.642543859649,85.81334847535506,95.47368421052632,49.5,13630.046052631578,81.13122650375941,356.0,5.0,31640.0,188.33333333333334,349.5,7.0,31090.25,185.0610119047619,2.0,0.0,69.0,0.4107142857142857,2.2,0.0,75.325,0.44836309523809526,0.547172619047619,-0.13318452380952384
2021-01-17 00:00:00+00:00,1.1808333333333334,0.6770833333333334,0.7083333333333334,,,14.8,0.0,41.6,0.24761904761904763,36.4,0.0,157.6,0.9380952380952382,907.4,902.9,152079.9,905.2375,907.6999999999999,902.95,152056.94999999998,905.1008928571429,3919.8,0.4,152215.23636363636,906.0430735930736,3667.85,1.3499999999999985,111735.39545454546,665.0916396103896,26.8,16.7,3674.1,21.869642857142857,27.599999999999998,16.1,3436.0499999999997,20.45267857142857,24.0,14.3,3270.121052631579,19.46500626566416,23.05,15.975,3331.3156249999997,19.82925967261905,100.0,54.0,13213.815789473685,78.65366541353384,95.47368421052632,53.75,13415.9375,79.85677083333333,359.0,23.0,37659.0,224.16071428571428,353.75,12.0,32901.5,195.84226190476193,2.3,0.0,135.4,0.805952380952381,2.175,0.0,82.075,0.48854166666666665,0.4264880952380953,-0.12068452380952377
2021-01-24 00:00:00+00:00,1.2641666666666669,0.5991666666666667,0.6458333333333334,,,0.0,0.0,0.0,0.0,19.099999999999998,0.0,93.69999999999999,0.5577380952380954,911.4,904.4,152460.0,907.5,908.5500000000001,903.3499999999999,152155.55,905.6877976190476,3935.0,1.2,154453.3909090909,919.3654220779221,3774.225,1.4999999999999987,131938.02613636362,785.3453936688312,28.4,16.7,3647.8,21.71309523809524,27.725,16.425,3561.7500000000005,21.200892857142858,20.5,12.4,2774.2,16.513095238095236,23.025,14.975,3248.448684210526,19.336004072681703,100.0,41.0,12409.5,73.86607142857143,100.0,50.25,13471.467105263158,80.18730419799499,348.0,10.0,34205.0,203.60119047619048,351.75,12.25,33402.25,198.82291666666669,2.3,0.0,140.5,0.8363095238095238,2.225,0.0,106.2,0.6321428571428571,0.40744047619047624,-0.019047619047619035
2021-01-31 00:00:00+00:00,1.0691666666666666,0.6129166666666667,0.6875,,,0.0,0.0,0.0,0.0,11.799999999999997,0.0,57.29999999999999,0.3410714285714287,907.8,903.7,152165.6,905.7476190476191,908.3499999999999,903.45,152171.45,905.7824404761905,4087.9,4.9,161126.6090909091,959.0869588744589,3933.25,1.6749999999999987,146634.24659090908,872.8228963744589,30.1,17.1,3907.6,23.25952380952381,28.225,16.55,3679.825,21.90372023809524,19.8,13.3,2712.6,16.146428571428572,22.025,14.250000000000002,3089.7125,18.391145833333333,91.0,39.0,11050.0,65.77380952380952,97.75,47.25,12772.489583333334,76.02672371031747,352.0,7.0,38452.0,228.88095238095238,353.75,11.25,35489.0,211.24404761904762,2.7,0.0,175.6,1.0452380952380953,2.3249999999999997,0.0,130.125,0.7745535714285715,0.4267857142857143,0.019345238095238082
2021-02-07 00:00:00+00:00,1.125,0.6025,0.6320833333333333,,,24.4,0.0,92.4,0.55,9.8,0.0,33.49999999999999,0.19940476190476203,907.7,899.0,151865.4,903.9607142857143,908.575,902.5,152142.725,905.6114583333333,4013.4,0.2,110245.34318181819,656.2222808441559,3989.025,1.6749999999999987,144510.14488636362,860.1794338474026,29.8,14.2,3481.8,20.725,28.775,16.174999999999997,3677.8250000000003,21.891815476190477,20.2,13.5,2882.7,17.15892857142857,21.125,13.375,2909.9052631578948,17.320864661654134,98.0,39.0,13753.0,81.86309523809524,97.25,43.25,12606.578947368422,75.0391604010025,345.0,8.0,33228.0,197.78571428571428,351.0,12.0,35886.0,213.60714285714286,2.6,0.0,116.8,0.6952380952380952,2.4749999999999996,0.0,142.075,0.8456845238095239,0.4459821428571429,0.01919642857142856
2021-02-14 00:00:00+00:00,1.0,0.5070833333333333,0.44,,,12.6,0.0,64.60000000000001,0.3845238095238096,9.25,0.0,39.25,0.23363095238095252,907.9,901.3,152117.9,905.4636904761904,908.7,902.1,152152.22499999998,905.6680059523809,3534.1,0.3,92954.46136363636,553.3003652597403,3892.6000000000004,1.6499999999999988,129694.95113636364,771.9937567640693,26.9,14.9,3186.2,18.96547619047619,28.8,15.725,3555.8500000000004,21.16577380952381,20.5,14.0,2904.0,17.285714285714285,20.25,13.3,2818.375,16.776041666666668,98.0,58.0,15207.0,90.51785714285714,96.75,44.25,13104.875,78.00520833333333,357.0,6.0,32137.0,191.29166666666666,350.5,7.75,34505.5,205.38988095238093,1.8,0.0,76.2,0.45357142857142857,2.35,0.0,127.275,0.7575892857142857,0.5017857142857143,0.0558035714285714
2021-02-21 00:00:00+00:00,1.0833333333333333,0.5695833333333333,0.4954166666666666,,,56.4,0.0,144.4,0.8595238095238096,23.35,0.0,75.35,0.44851190476190494,907.6,899.2,151672.2,902.8107142857143,907.75,900.8000000000001,151955.275,904.4956845238095,3346.9,0.0,93009.80454545455,553.629788961039,3745.5750000000003,1.3499999999999988,114334.05454545456,680.5598484848485,26.2,15.0,3351.5,19.949404761904763,28.25,15.3,3481.7749999999996,20.72485119047619,21.5,13.9,3025.2,18.007142857142856,20.5,13.675,2881.1249999999995,17.14955357142857,97.0,54.0,14996.0,89.26190476190476,96.0,47.5,13751.5,81.85416666666666,345.0,11.0,32110.0,191.13095238095238,349.75,8.0,33981.75,202.27232142857142,2.5,0.0,76.8,0.45714285714285713,2.4,0.0,111.35,0.662797619047619,0.4186011904761905,-0.08318452380952379
2021-02-28 00:00:00+00:00,1.1770833333333333,0.6177083333333333,0.580625,,,3.4,0.0,14.0,0.08333333333333333,24.2,0.0,78.85,0.46934523809523826,908.4,903.1,152204.2,905.977380952381,907.9000000000001,900.65,151964.925,904.553125,3762.3,0.2,122376.53636363636,728.4317640692641,3664.175,0.17499999999999866,104646.53636363636,622.8960497835499,28.3,12.7,3275.6,19.497619047619047,27.8,14.2,3323.775,19.784374999999997,20.1,11.0,2784.6,16.575,20.575,13.1,2899.125,17.256696428571427,98.0,42.0,14193.0,84.48214285714286,97.75,48.25,14537.25,86.53125,359.0,6.0,32868.0,195.64285714285714,351.5,7.75,32585.75,193.96279761904762,1.9,0.0,56.3,0.3351190476190476,2.2,0.0,81.52499999999999,0.48526785714285714,0.4422619047619048,0.023660714285714313
2021-03-07 00:00:00+00:00,1.2708333333333333,0.6658333333333334,0.6658333333333334,,,2.2,0.0,14.200000000000001,0.08452380952380953,18.650000000000002,0.0,59.29999999999999,0.3529761904761906,909.6,900.2,152071.7,905.1886904761906,908.375,900.95,152016.5,904.860119047619,3759.8,0.4,124351.84772727273,740.1895698051949,3600.775,0.22499999999999867,108173.1625,643.8878720238096,28.1,17.4,3583.2,21.32857142857143,27.375,15.0,3349.125,19.935267857142858,19.9,13.5,2757.8,16.41547619047619,20.5,13.1,2867.8999999999996,17.070833333333333,97.0,44.0,12595.0,74.9702380952381,97.5,49.5,14247.75,84.80803571428572,346.0,3.0,38975.0,231.99404761904762,351.75,6.5,34022.5,202.51488095238093,3.3,0.0,159.5,0.9494047619047619,2.375,0.0,92.2,0.5488095238095239,0.44836309523809526,0.0061011904761904545
2021-03-14 00:00:00+00:00,1.2708333333333333,0.5825,0.5825,,,17.4,0.0,73.39999999999999,0.43690476190476185,19.85,0.0,61.49999999999999,0.36607142857142866,908.9,901.5,152050.6,905.0630952380952,908.625,901.0,151999.67500000002,904.7599702380953,3712.0,0.3,111264.125,662.2864583333334,3645.25,0.2249999999999987,112750.5784090909,671.1343952922078,27.4,15.9,3329.7,19.819642857142856,27.5,15.25,3384.9999999999995,20.148809523809522,21.1,15.5,3025.8,18.010714285714286,20.65,13.475,2898.35,17.252083333333335,97.0,54.0,15120.0,90.0,97.25,48.5,14226.0,84.67857142857143,353.0,8.0,29582.0,176.08333333333334,350.75,7.0,33383.75,198.71279761904762,2.6,0.0,68.9,0.41011904761904766,2.575,0.0,90.375,0.5379464285714286,0.48854166666666665,0.0401785714285714
2021-03-21 00:00:00+00:00,1.0833333333333333,0.4783333333333333,0.4783333333333333,,,2.2,0.0,3.4000000000000004,0.02023809523809524,6.3,0.0,26.249999999999986,0.1562500000000001,911.3,903.4,152367.7,906.9505952380953,909.55,902.05,152173.55000000002,905.7949404761905,3669.0,2.0,141217.2,840.5785714285715,3725.775,0.7249999999999988,124802.42727272728,742.8715909090909,27.1,15.3,3482.0,20.726190476190474,27.725,15.325000000000001,3417.625,20.343005952380953,20.4,11.1,2861.4,17.03214285714286,20.375,12.775,2857.4,17.008333333333333,96.0,47.0,13581.0,80.83928571428571,97.0,46.75,13872.25,82.57291666666667,353.0,3.0,34141.0,203.2202380952381,352.75,5.0,33891.5,201.73511904761904,2.4,0.0,98.8,0.5880952380952381,2.55,0.0,95.875,0.5706845238095237,0.6321428571428571,0.14360119047619047
2021-03-28 00:00:00+00:00,0.8958333333333334,0.4220833333333333,0.4220833333333333,,,0.0,0.0,0.0,0.0,5.45,0.0,22.749999999999986,0.13541666666666677,910.3,904.6,152470.9,907.5648809523809,910.0250000000001,902.425,152240.225,906.1918154761904,3441.8,2.4,135680.6,807.6226190476191,3645.65,1.2749999999999986,128128.44318181819,762.6693046536798,28.6,14.0,3425.1,20.3875,27.8,15.65,3455.0,20.56547619047619,21.4,12.0,2915.1,17.351785714285715,20.7,13.025,2890.025,17.202529761904763,95.0,50.0,14039.0,83.56547619047619,96.25,48.75,13833.75,82.34375,357.0,7.0,30432.0,181.14285714285714,352.25,5.25,33282.5,198.11011904761904,2.1,0.0,66.9,0.39821428571428574,2.5999999999999996,0.0,98.525,0.5864583333333333,0.7745535714285715,0.1424107142857144
2021-04-04 00:00:00+00:00,0.8958333333333334,0.3733333333333333,0.435,,,20.2,0.0,61.8,0.3678571428571428,9.95,0.0,34.649999999999984,0.2062500000000001,909.9,900.3,152080.5,905.2410714285714,910.0999999999999,902.45,152242.425,906.2049107142857,3471.4,0.1,103544.375,616.3355654761905,3573.55,1.1999999999999986,122926.57500000001,731.7058035714286,27.5,12.9,3073.8,18.29642857142857,27.65,14.525,3327.6499999999996,19.807440476190475,21.2,10.5,2718.5,16.18154761904762,21.025,12.275,2880.2,17.14404761904762,97.0,51.0,14834.0,88.29761904761905,96.25,50.5,14393.5,85.67559523809524,359.0,2.0,28274.0,168.29761904761904,355.5,5.0,30607.25,182.18601190476193,3.2,0.0,68.8,0.4095238095238095,2.575,0.0,75.85,0.45148809523809524,0.8456845238095239,0.07113095238095235
2021-04-11 00:00:00+00:00,0.8958333333333334,0.3733333333333333,0.435,,,8.6,0.0,21.400000000000002,0.1273809523809524,7.75,0.0,21.649999999999984,0.12886904761904772,913.8,905.2,152805.5,909.5565476190476,911.325,903.375,152431.15000000002,907.3282738095238,3377.4,0.4,122520.22115384616,729.2870306776557,3489.9,1.2249999999999988,125740.59903846154,748.4559466575092,25.3,10.5,2849.6,16.961904761904762,27.125,13.175,3207.625,19.093005952380953,17.2,9.5,2390.4,14.22857142857143,20.05,10.775,2721.35,16.198511904761908,97.0,40.0,14358.0,85.46428571428571,96.25,47.0,14203.0,84.54166666666666,359.0,6.0,33962.0,202.1547619047619,357.0,4.5,31702.25,188.70386904761904,2.3,0.0,54.5,0.3244047619047619,2.5,0.0,72.25,0.4300595238095238,0.7575892857142857,-0.08809523809523812
2021-04-18 00:00:00+00:00,0.875,0.38875,0.4258333333333333,,,15.4,0.0,104.4,0.6214285714285714,11.05,0.0,46.899999999999984,0.2791666666666668,910.8,903.9,152481.5,907.6279761904761,911.1999999999999,903.5,152459.59999999998,907.4976190476191,3402.3,0.1,116756.93846153846,694.9817765567766,3423.225,0.7499999999999987,119625.53365384616,712.0567479395605,25.5,11.3,2866.3,17.061309523809523,26.725,12.175,3053.7000000000003,18.176785714285714,18.0,10.0,2319.5,13.806547619047619,19.45,10.5,2585.875,15.392113095238097,97.0,38.0,13925.0,82.88690476190476,96.5,44.75,14289.0,85.05357142857142,357.0,1.0,31596.0,188.07142857142858,358.0,4.0,31066.0,184.91666666666669,2.4,0.0,100.5,0.5982142857142857,2.5,0.0,72.675,0.43258928571428573,0.662797619047619,-0.09479166666666672
2021-04-25 00:00:00+00:00,0.875,0.375,0.4120833333333333,,,11.8,0.0,39.800000000000004,0.23690476190476192,14.0,0.0,56.84999999999999,0.3383928571428573,907.9,902.9,152091.9,905.3089285714285,910.6,903.0749999999999,152364.85,906.933630952381,3164.4,0.0,96110.46923076923,572.0861263736264,3353.875,0.14999999999999877,109733.00096153846,653.1726247710623,25.1,10.9,2808.3,16.71607142857143,25.85,11.4,2899.5,17.25892857142857,18.3,10.6,2499.8,14.879761904761907,18.675,10.149999999999999,2482.05,14.774107142857144,98.0,50.0,15072.0,89.71428571428571,97.25,44.75,14547.25,86.59077380952381,359.0,5.0,26985.0,160.625,358.5,3.5,30204.25,179.7872023809524,2.3,0.0,66.8,0.3976190476190476,2.55,0.0,72.65,0.4324404761904762,0.48526785714285714,-0.17752976190476188
2021-05-02 00:00:00+00:00,0.875,0.36125,0.3983333333333334,,,6.0,0.0,39.2,0.23333333333333334,10.45,0.0,51.19999999999999,0.3047619047619049,914.3,904.1,152727.9,909.0946428571428,911.7,904.025,152526.7,907.8970238095238,2745.6,0.0,79518.08076923077,473.3219093406594,3172.4249999999997,0.12499999999999878,103726.42740384616,617.4192107371796,22.3,11.1,2714.0,16.154761904761905,24.55,10.95,2809.55,16.723511904761907,17.5,10.4,2439.9,14.523214285714285,17.75,10.125,2412.4,14.359523809523811,98.0,67.0,15196.0,90.45238095238095,97.5,48.75,14637.75,87.12946428571428,359.0,4.0,24328.0,144.8095238095238,358.5,4.0,29217.75,173.91517857142858,1.7,0.0,45.1,0.26845238095238094,2.175,0.0,66.725,0.397172619047619,0.5488095238095239,0.06354166666666672
2021-05-09 00:00:00+00:00,0.7083333333333334,0.3079166666666666,0.345,,,4.0,0.0,47.6,0.2833333333333333,9.3,0.0,57.749999999999986,0.3437500000000001,915.1,905.3,152880.2,910.0011904761906,912.025,904.05,152545.375,908.0081845238095,3021.2,0.3,99335.05824175825,591.2801085818943,3083.375,0.09999999999999878,97930.13667582418,582.9174802132392,24.7,10.0,2628.5,15.645833333333334,24.400000000000002,10.825,2754.275,16.394494047619048,17.0,9.5,2254.1,13.417261904761904,17.7,10.125,2378.3250000000003,14.15669642857143,98.0,46.0,14769.0,87.91071428571429,97.75,50.25,14740.5,87.74107142857143,339.0,9.0,30224.0,179.9047619047619,353.5,4.75,28283.25,168.35267857142858,2.1,0.0,49.6,0.29523809523809524,2.125,0.0,65.5,0.3898809523809524,0.5379464285714286,-0.010863095238095255
2021-05-16 00:00:00+00:00,0.7083333333333334,0.2870833333333333,0.3241666666666666,,,4.4,0.0,40.4,0.24047619047619045,6.550000000000001,0.0,41.749999999999986,0.24851190476190488,914.1,905.2,152780.3,909.4065476190475,912.85,904.375,152620.075,908.4528273809524,2747.8,0.1,84723.53571428571,504.3067602040816,2919.75,0.09999999999999878,89921.785989011,535.2487261250654,22.4,10.8,2498.9,14.874404761904762,23.625,10.7,2662.425,15.847767857142856,16.0,10.3,2181.0,12.982142857142858,17.2,10.2,2343.7000000000003,13.95059523809524,98.0,57.0,14995.0,89.25595238095238,98.0,55.0,15008.0,89.33333333333334,346.0,3.0,31380.0,186.78571428571428,350.75,5.25,28229.25,168.03125,2.3,0.0,45.5,0.2708333333333333,2.0999999999999996,0.0,51.75,0.3080357142857143,0.5706845238095237,0.03273809523809512
2021-05-23 00:00:00+00:00,0.7083333333333334,0.2870833333333333,0.3241666666666666,,,0.6,0.0,2.2,0.013095238095238096,3.75,0.0,32.34999999999999,0.1925595238095239,910.1,902.9,152271.8,906.3797619047618,913.4,904.375,152665.05,908.7205357142857,2684.5,31.6,94411.16428571429,561.9712159863946,2799.7749999999996,7.999999999999999,89496.95975274725,532.7199985282575,24.8,11.8,2855.5,16.99702380952381,23.549999999999997,10.925,2674.2250000000004,15.918005952380952,17.4,10.5,2334.4,13.895238095238096,16.975,10.175,2302.35,13.704464285714286,97.0,42.0,14040.0,83.57142857142857,97.75,53.0,14750.0,87.79761904761905,353.0,9.0,34525.0,205.50595238095238,349.25,6.25,30114.25,179.25148809523807,2.5,0.0,71.5,0.4255952380952381,2.1500000000000004,0.0,52.925,0.3150297619047619,0.5864583333333333,0.01577380952380958
2021-05-30 00:00:00+00:00,0.6666666666666666,0.2870833333333333,0.2870833333333333,,,2.0666666666666664,0.0,3.9999999999999996,0.023809523809523808,2.7666666666666666,0.0,23.549999999999986,0.14017857142857154,911.6,903.9,152437.9,907.3684523809524,912.7250000000001,904.325,152592.55,908.288988095238,2561.8,0.1,72413.6456043956,431.03360478806906,2753.8250000000003,8.024999999999999,87720.85096153845,522.1479223901099,26.2,10.5,2915.8,17.35595238095238,24.525,10.775,2724.675,16.21830357142857,19.2,9.1,2487.8,14.808333333333334,17.4,9.850000000000001,2314.325,13.77574404761905,97.0,54.0,14416.0,85.80952380952381,97.5,49.75,14555.0,86.63690476190476,323.0,9.0,33740.0,200.83333333333334,340.25,7.5,32467.25,193.25744047619045,3.7,0.0,95.5,0.5684523809523809,2.6500000000000004,0.0,65.525,0.3900297619047619,0.45148809523809524,-0.13497023809523806
2021-06-06 00:00:00+00:00,0.6666666666666666,0.2870833333333333,0.2870833333333333,,,13.6,0.0,29.2,0.1738095238095238,5.166666666666666,0.0,18.949999999999985,0.11279761904761915,914.3,906.6,152853.1,909.839880952381,912.525,904.65,152585.775,908.2486607142857,2636.6,0.0,79500.02582417583,473.21443942961804,2657.675,7.949999999999999,82762.09285714285,492.6315051020408,23.0,12.4,2835.4,16.877380952380953,24.099999999999998,11.375,2776.4,16.526190476190475,18.1,11.5,2446.4,14.561904761904762,17.675,10.350000000000001,2362.4,14.061904761904762,98.0,59.0,14617.0,87.00595238095238,97.5,53.0,14517.0,86.41071428571429,355.0,5.0,35341.0,210.36309523809524,344.25,6.5,33746.5,200.87202380952382,2.6,0.0,93.3,0.5553571428571429,2.775,0.0,76.45,0.45505952380952375,0.4300595238095238,-0.021428571428571463
2021-06-13 00:00:00+00:00,0.6666666666666666,0.2870833333333333,0.2870833333333333,,,4.4,0.0,42.800000000000004,0.2547619047619048,5.166666666666667,0.0,19.549999999999986,0.11636904761904775,912.2,905.9,152646.8,908.6119047619047,912.05,904.825,152552.4,908.05,2525.8,0.1,52279.00714285715,311.1845663265306,2602.175,7.949999999999999,74650.96071428571,444.35095663265304,21.1,10.1,2599.6,15.473809523809523,23.775000000000002,11.200000000000001,2801.5750000000003,16.676041666666666,17.7,9.7,2335.4,13.901190476190477,18.1,10.2,2401.0,14.291666666666668,98.0,61.0,15256.0,90.80952380952381,97.5,54.0,14582.25,86.79910714285714,356.0,1.0,29086.0,173.13095238095238,346.75,6.0,33173.0,197.45833333333331,2.1,0.0,43.300000000000004,0.25773809523809527,2.725,0.0,75.9,0.4517857142857143,0.43258928571428573,0.0025297619047619513
2021-06-20 00:00:00+00:00,0.6666666666666666,0.3495833333333333,0.3495833333333333,,,1.4,0.0,4.2,0.025,5.366666666666666,0.0,20.049999999999986,0.11934523809523823,913.7,905.3,152854.8,909.8499999999999,912.95,905.425,152698.15,908.9175595238095,2658.6,8.1,67805.87857142858,403.60642006802726,2595.7000000000003,2.074999999999999,67999.6392857143,404.75975765306123,20.7,7.5,2273.5,13.532738095238095,22.75,10.125,2656.075,15.80997023809524,14.8,7.2,1939.6,11.545238095238094,17.45,9.375,2302.3,13.704166666666666,98.0,57.0,14881.0,88.57738095238095,97.75,57.75,14792.5,88.05059523809524,357.0,7.0,33028.0,196.5952380952381,347.75,5.5,32798.75,195.2306547619048,3.9,0.0,94.5,0.5625,3.075,0.0,81.65,0.48601190476190476,0.4324404761904762,-0.00014880952380952328
2021-06-27 00:00:00+00:00,0.7916666666666666,0.4720833333333333,0.4720833333333333,,,1.4,0.0,8.799999999999999,0.052380952380952375,5.2,0.0,21.249999999999986,0.12648809523809537,913.4,907.5,152869.6,909.9380952380952,913.4,906.3249999999999,152806.07499999998,909.5599702380953,2624.2,0.1,80250.16428571429,477.6795493197279,2611.2999999999997,2.074999999999999,69958.76895604396,416.42124378597595,24.2,8.1,2412.6,14.360714285714286,22.25,9.525,2530.275,15.061160714285712,16.5,7.8,2026.4,12.061904761904762,16.775,9.05,2186.95,13.017559523809522,98.0,50.0,14641.0,87.14880952380952,98.0,56.75,14848.75,88.38541666666667,360.0,5.0,31455.0,187.23214285714286,357.0,4.5,32227.5,191.83035714285717,2.6,0.0,76.6,0.45595238095238094,2.8000000000000003,0.0,76.925,0.45788690476190474,0.397172619047619,-0.035267857142857184
2021-07-04 00:00:00+00:00,0.7916666666666666,0.4908333333333333,0.4908333333333333,,,0.8,0.0,4.6000000000000005,0.027380952380952384,2.0,0.0,15.099999999999987,0.0898809523809525,916.1,908.7,153243.3,912.1624999999999,913.85,906.85,152903.625,910.1406249999999,2614.3,0.0,79978.13571428572,476.06033163265306,2605.725,2.074999999999999,70078.29642857143,417.13271683673474,22.7,5.2,2049.2,12.197619047619046,22.175,7.7250000000000005,2333.725,13.891220238095238,14.9,4.3,1533.0,9.125,15.975000000000001,7.25,1958.6000000000001,11.658333333333333,96.0,40.0,13971.0,83.16071428571429,97.5,52.0,14687.25,87.42410714285714,358.0,1.0,27866.0,165.86904761904762,357.75,3.5,30358.75,180.70684523809524,2.3,0.0,48.8,0.29047619047619044,2.7249999999999996,0.0,65.8,0.39166666666666666,0.3898809523809524,-0.007291666666666641
2021-07-11 00:00:00+00:00,0.8333333333333334,0.5045833333333333,0.5045833333333333,,,1.8,0.0,4.4,0.02619047619047619,1.35,0.0,5.499999999999986,0.032738095238095365,915.5,909.2,153154.3,911.632738095238,914.675,907.675,153030.5,910.8958333333333,2715.9,0.0,94155.8,560.4511904761905,2653.25,2.049999999999999,80547.49464285714,479.4493728741497,20.7,7.1,2104.5,12.526785714285714,22.075,6.975,2209.95,13.154464285714285,13.7,5.9,1640.2,9.763095238095238,14.975,6.3,1784.8,10.623809523809523,96.0,39.0,14212.0,84.5952380952381,97.0,46.5,14426.25,85.87053571428572,360.0,5.0,30138.0,179.39285714285714,358.75,4.5,30621.75,182.27232142857144,1.8,0.0,19.0,0.1130952380952381,2.65,0.0,59.724999999999994,0.3555059523809524,0.3080357142857143,-0.08184523809523808
2021-07-18 00:00:00+00:00,1.1666666666666667,0.5808333333333333,0.5808333333333333,,,0.2,0.0,0.2,0.0011904761904761906,1.0499999999999998,0.0,4.499999999999986,0.026785714285714413,914.4,906.2,152818.6,909.6345238095239,914.85,907.9000000000001,153021.45,910.8419642857143,2619.8,0.0,94662.5,563.4672619047619,2643.55,0.024999999999999113,87261.65,519.4145833333334,22.8,7.2,2736.8,16.29047619047619,22.599999999999998,6.9,2325.775,13.84389880952381,15.9,4.3,1920.2,11.429761904761905,15.25,5.575,1779.9500000000003,10.594940476190477,96.0,33.0,12641.0,75.24404761904762,96.5,40.5,13866.25,82.53720238095238,355.0,1.0,34084.0,202.88095238095238,358.25,3.0,30885.75,183.84375,3.0,0.0,75.7,0.4505952380952381,2.425,0.0,55.025,0.3275297619047619,0.3150297619047619,0.006994047619047594
2021-07-25 00:00:00+00:00,1.1666666666666667,0.595,0.595,,,1.0,0.0,4.2,0.025,0.95,0.0,3.3499999999999863,0.019940476190476317,917.5,907.4,153376.6,912.9559523809525,915.875,907.875,153148.2,911.5964285714285,2809.5,0.0,103544.4,616.3357142857143,2689.875,0.0,93085.20892857143,554.07862457483,22.1,5.3,2096.8,12.480952380952383,22.075000000000003,6.199999999999999,2246.825,13.373958333333333,14.8,1.4,1382.1,8.226785714285715,14.825,3.975,1618.875,9.636160714285714,96.0,32.0,13053.0,77.69642857142857,96.0,36.0,13469.25,80.17410714285714,360.0,9.0,32632.0,194.23809523809524,358.25,4.0,31180.0,185.59523809523807,2.8,0.0,86.2,0.5130952380952382,2.4749999999999996,0.0,57.425,0.3418154761904762,0.3900297619047619,0.07500000000000001
2021-08-01 00:00:00+00:00,1.1666666666666667,0.60875,0.60875,,,3.2,0.0,17.6,0.10476190476190476,1.55,0.0,6.599999999999986,0.03928571428571441,918.7,904.3,153060.2,911.0726190476191,916.525,906.775,153102.425,911.3239583333334,2817.6,0.0,76577.1,455.8160714285715,2740.7,0.0,92234.95000000001,549.0175595238095,23.5,4.4,2072.7,12.337499999999999,22.275,6.0,2252.7000000000003,13.408928571428572,13.7,2.9,1319.7,7.855357142857143,14.524999999999999,3.625,1565.55,9.31875,96.0,38.0,12851.0,76.49404761904762,96.0,35.5,13189.25,78.50744047619048,360.0,1.0,31007.0,184.5654761904762,358.75,4.0,31965.25,190.26934523809524,2.4,0.0,120.0,0.7142857142857143,2.5,0.0,75.225,0.44776785714285716,0.45505952380952375,0.06502976190476184
2021-08-08 00:00:00+00:00,1.1666666666666667,0.6366666666666666,0.6366666666666666,,,0.6,0.0,2.0,0.011904761904761904,1.25,0.0,5.999999999999987,0.03571428571428584,919.0,911.3,153736.7,915.0994047619048,917.4,907.3,153248.02500000002,912.1906250000001,2934.7,0.0,92455.6,550.3309523809525,2795.4,0.0,91809.9,546.4875000000001,19.7,7.4,2171.6,12.926190476190476,22.025,6.075,2269.4750000000004,13.508779761904762,13.1,5.4,1615.1,9.613690476190476,14.375,3.5,1559.275,9.28139880952381,96.0,52.0,13703.0,81.56547619047619,96.0,38.75,13062.0,77.75,359.0,3.0,32772.0,195.07142857142858,358.5,3.5,32623.75,194.1889880952381,2.5,0.0,90.6,0.5392857142857143,2.675,0.0,93.125,0.5543154761904762,0.4517857142857143,-0.0032738095238094567
2021-08-15 00:00:00+00:00,1.1666666666666667,0.6804166666666666,0.6804166666666666,,,1.0,0.0,7.2,0.04285714285714286,1.4500000000000002,0.0,7.749999999999987,0.04613095238095251,914.0,907.6,153031.1,910.8994047619047,917.3,907.65,153301.15000000002,912.5068452380953,2981.7,0.0,72690.4,432.68095238095236,2885.8749999999995,0.0,86316.875,513.7909226190477,21.9,11.8,2544.6,15.14642857142857,21.8,7.2250000000000005,2221.4249999999997,13.222767857142857,15.2,8.7,2082.5,12.395833333333334,14.2,4.6,1599.85,9.522916666666667,96.0,43.0,14257.0,84.86309523809524,96.0,41.25,13466.0,80.1547619047619,359.0,1.0,30460.0,181.3095238095238,359.5,3.5,31717.75,188.79613095238096,2.2,0.0,49.1,0.2922619047619048,2.475,0.0,86.475,0.5147321428571429,0.48601190476190476,0.034226190476190466
2021-08-22 00:00:00+00:00,1.1666666666666667,0.625,0.625,,,3.6,0.0,9.6,0.05714285714285714,2.1,0.0,9.099999999999987,0.05416666666666679,913.8,906.4,152827.1,909.6851190476191,916.375,907.3999999999999,153163.77500000002,911.689136904762,3134.0,0.0,133694.9,795.8029761904761,2967.0,0.0,93854.5,558.6577380952381,24.3,10.7,2891.9,17.213690476190475,22.349999999999998,8.575,2420.2,14.40595238095238,15.7,5.9,1901.0,11.31547619047619,14.424999999999999,5.7250000000000005,1729.575,10.295089285714285,95.0,32.0,11941.0,71.07738095238095,95.75,41.25,13188.0,78.5,326.0,12.0,34075.0,202.82738095238096,351.0,4.25,32078.5,190.9434523809524,2.4,0.0,118.2,0.7035714285714286,2.375,0.0,94.475,0.5623511904761904,0.45788690476190474,-0.02812500000000001
2021-08-29 00:00:00+00:00,1.1666666666666667,0.5279166666666667,0.5279166666666667,,,23.4,0.0,47.8,0.2845238095238095,7.1499999999999995,0.0,16.649999999999984,0.09910714285714298,913.6,902.9,152532.8,907.9333333333333,915.1,907.05,153031.925,910.9043154761905,3109.0,0.0,109587.5,652.3065476190476,3039.85,0.0,102107.1,607.7803571428572,26.6,12.4,3024.6,18.003571428571426,23.125,10.575,2658.1749999999997,15.822470238095237,15.3,3.7,1963.9,11.689880952380953,14.825000000000001,5.925,1890.625,11.253720238095239,96.0,29.0,11766.5,70.03869047619048,95.75,39.0,12916.875,76.88616071428571,358.0,3.0,31641.5,188.3422619047619,350.5,4.75,32237.125,191.8876488095238,3.1,0.0,111.3,0.6625,2.55,0.0,92.3,0.5494047619047618,0.39166666666666666,-0.06622023809523808
2021-09-05 00:00:00+00:00,0.6458333333333334,0.42375,0.42375,,,8.8,0.0,85.4,0.5083333333333334,9.2,0.0,37.499999999999986,0.22321428571428586,914.7,904.1,152888.1,910.0482142857143,914.0250000000001,905.25,152819.77500000002,909.6415178571428,3347.9,0.0,91834.3,546.6327380952381,3143.1499999999996,0.0,101951.775,606.8558035714285,26.2,12.1,2745.9,16.34464285714286,24.75,11.75,2801.75,16.677083333333332,18.4,10.8,2231.4,13.282142857142858,16.15,7.275,2044.7,12.170833333333334,96.0,44.0,13993.0,83.29166666666667,95.75,37.0,12989.375,77.31770833333334,341.0,18.0,33984.0,202.28571428571428,346.0,8.5,32540.125,193.69122023809524,2.1,0.0,104.8,0.6238095238095238,2.45,0.0,95.85,0.5705357142857143,0.3555059523809524,-0.03616071428571427
2021-09-12 00:00:00+00:00,0.8333333333333334,0.38875,0.38875,,,22.8,0.0,27.8,0.16547619047619047,14.649999999999999,0.0,42.64999999999999,0.25386904761904777,911.8,903.1,152487.3,907.6624999999999,913.475,904.125,152683.825,908.8322916666666,3274.0,0.0,88201.4,525.0083333333333,3216.2250000000004,0.0,105829.525,629.9376488095238,29.6,14.5,3099.3,18.448214285714286,26.675,12.425,2940.425,17.50252976190476,18.6,11.9,2636.8,15.695238095238096,17.0,8.075000000000001,2183.275,12.995684523809524,97.0,36.0,14317.0,85.2202380952381,96.0,35.25,13004.375,77.40699404761905,360.0,1.0,29094.0,173.17857142857142,346.25,8.5,32198.625,191.6584821428571,3.2,0.0,140.9,0.8386904761904762,2.7,0.0,118.80000000000001,0.7071428571428571,0.3275297619047619,-0.027976190476190488
2021-09-19 00:00:00+00:00,0.5625,0.38875,0.38875,,,2.4,0.0,27.2,0.1619047619047619,14.35,0.0,47.04999999999998,0.2800595238095239,915.3,904.6,152711.65,908.9979166666666,913.8499999999999,903.6750000000001,152654.9625,908.6604910714285,3194.4,0.0,104693.2,623.1738095238095,3231.3250000000003,0.0,98579.1,586.7803571428572,30.2,14.5,3293.65,19.605059523809523,28.15,13.375,3040.8624999999997,18.100372023809523,19.0,9.5,2631.65,15.664583333333335,17.825000000000003,8.975000000000001,2365.9375,14.08296130952381,97.0,28.0,13614.0,81.03571428571429,96.5,34.25,13422.625,79.89657738095238,355.0,11.0,27965.5,166.46130952380952,353.5,8.25,30671.25,182.56696428571428,3.1,0.0,128.05,0.762202380952381,2.875,0.0,121.26249999999999,0.7218005952380953,0.3418154761904762,0.01428571428571429
2021-09-26 00:00:00+00:00,0.5941666666666666,0.3404166666666666,0.3404166666666666,,,3.8,0.0,24.6,0.14642857142857144,9.45,0.0,41.249999999999986,0.2455357142857144,912.3,902.1,152581.0,908.2202380952381,913.525,903.475,152667.01249999998,908.7322172619048,3606.2,0.0,127671.2,759.947619047619,3355.625,0.0,103100.025,613.690625,31.0,10.2,2855.8,16.998809523809523,29.25,12.825,2998.6625000000004,17.849181547619047,19.9,7.2,2128.8,12.671428571428573,18.975,9.85,2407.1625000000004,14.328348214285715,97.0,38.0,13030.0,77.55952380952381,96.75,36.5,13738.5,81.77678571428572,360.0,1.0,24722.0,147.1547619047619,354.0,7.75,28941.375,172.27008928571428,2.8,0.0,206.9,1.2315476190476191,2.8000000000000003,0.0,145.16250000000002,0.8640625000000001,0.44776785714285716,0.10595238095238096
2021-10-03 00:00:00+00:00,0.5941666666666666,0.32625,0.32625,,,10.0,0.0,26.400000000000002,0.15714285714285717,9.75,0.0,26.499999999999986,0.15773809523809534,911.5,900.8,152242.0,906.202380952381,912.7249999999999,902.6500000000001,152505.4875,907.7707589285714,3676.1,0.0,107948.7,642.5517857142856,3437.6749999999997,0.0,107128.625,637.6703869047619,27.7,14.2,3170.1,18.869642857142857,29.625,13.35,3104.7124999999996,18.480431547619048,19.3,13.1,2681.3,15.960119047619049,19.2,10.425,2519.6375000000003,14.997842261904763,96.0,50.0,14171.0,84.35119047619048,96.75,38.0,13783.0,82.04166666666667,359.0,3.0,30710.0,182.79761904761904,358.5,4.0,28122.875,167.39806547619045,2.8,0.0,145.8,0.8678571428571429,2.975,0.0,155.41250000000002,0.9250744047619048,0.5543154761904762,0.106547619047619
2021-10-10 00:00:00+00:00,0.5316666666666666,0.3170833333333333,0.3170833333333333,,,14.0,0.0,101.4,0.6035714285714286,7.55,0.0,44.89999999999999,0.2672619047619049,910.1,903.1,152323.3,906.6863095238094,912.3,902.65,152464.4875,907.5267113095238,3159.1,0.0,60207.4,358.377380952381,3408.9500000000003,0.0,100130.125,596.0126488095239,26.6,12.3,2818.2,16.775,28.875,12.8,3034.4375,18.062127976190474,20.1,11.7,2572.7,15.313690476190475,19.575,10.375,2503.6125,14.902455357142857,97.0,59.0,15395.0,91.63690476190476,96.75,43.75,14052.5,83.64583333333334,351.0,5.0,25550.0,152.08333333333334,356.25,5.0,27236.875,162.12425595238096,2.6,0.0,123.9,0.7375,2.825,0.0,151.16250000000002,0.8997767857142858,0.5147321428571429,-0.039583333333333304
2021-10-17 00:00:00+00:00,0.5316666666666666,0.3308333333333333,0.3308333333333333,,,9.4,0.0,63.2,0.3761904761904762,9.3,0.0,53.89999999999999,0.3208333333333334,909.5,902.0,152253.6,906.2714285714286,910.8499999999999,902.0,152349.97499999998,906.8450892857143,3664.8,0.0,73395.4,436.8773809523809,3526.5499999999997,0.0,92305.675,549.4385416666667,26.9,13.8,3089.7,18.39107142857143,28.05,12.625,2983.45,17.75863095238095,18.6,11.8,2596.7,15.456547619047617,19.475,10.95,2494.875,14.850446428571429,97.0,54.0,14111.0,83.99404761904762,96.75,50.25,14176.75,84.38541666666667,352.0,9.0,36111.0,214.94642857142858,355.5,4.5,29273.25,174.24553571428572,2.8,0.0,161.1,0.9589285714285714,2.75,0.0,159.425,0.9489583333333333,0.5623511904761904,0.04761904761904756
2021-10-24 00:00:00+00:00,0.6875,0.4075,0.4075,,,9.0,0.0,82.6,0.49166666666666664,10.6,0.0,68.39999999999998,0.40714285714285725,909.6,901.5,152227.6,906.1166666666667,910.175,901.85,152261.625,906.3191964285713,3953.8,0.0,74102.2,441.0845238095238,3613.4500000000003,0.0,78913.425,469.7227678571428,23.6,10.4,2672.4,15.907142857142858,26.2,12.674999999999999,2937.6,17.485714285714284,18.4,9.9,2358.6,14.039285714285715,19.1,11.625,2552.325,15.192410714285714,97.0,58.0,15023.0,89.42261904761905,96.75,55.25,14675.0,87.35119047619048,360.0,2.0,29787.0,177.30357142857142,355.5,4.75,30539.5,181.78273809523807,3.3,0.0,113.3,0.6744047619047618,2.875,0.0,136.025,0.809672619047619,0.5494047619047618,-0.012946428571428581
2021-10-31 00:00:00+00:00,0.9583333333333334,0.4766666666666666,0.4766666666666666,,,4.8,0.0,24.400000000000002,0.14523809523809525,9.3,0.0,67.89999999999998,0.4041666666666668,913.3,906.3,152865.85,909.9157738095239,910.625,903.2249999999999,152417.5875,907.2475446428572,3024.0,0.0,69655.9,414.61845238095236,3450.425,0.0,69340.22499999999,412.7394345238095,23.9,13.6,2976.5,17.717261904761905,25.25,12.525,2889.2,17.19761904761905,19.2,11.8,2716.4,16.16904761904762,19.075000000000003,11.3,2561.1,15.244642857142857,97.0,54.0,15285.5,90.98511904761905,97.0,56.25,14953.625,89.00967261904762,350.0,2.0,26872.0,159.95238095238096,353.25,4.5,29580.0,176.07142857142856,2.0,0.0,55.35,0.3294642857142857,2.675,0.0,113.4125,0.6750744047619047,0.5705357142857143,0.021130952380952417
2021-11-07 00:00:00+00:00,1.125,0.7083333333333334,0.7083333333333334,,,12.2,0.0,112.6,0.6702380952380952,8.85,0.0,70.69999999999999,0.4208333333333334,907.6,901.4,151825.5,903.7232142857143,910.0,902.8,152293.1375,906.5067708333333,3955.7,0.0,79733.1,474.60178571428577,3649.575,0.0,74221.65,441.79553571428573,22.5,10.7,2735.8,16.28452380952381,24.224999999999998,12.125,2868.6,17.075,17.9,9.9,2547.2,15.161904761904761,18.525,10.850000000000001,2554.725,15.20669642857143,97.0,67.0,15684.0,93.35714285714286,97.0,58.25,15025.875,89.43973214285714,360.0,1.0,25374.0,151.03571428571428,355.5,3.5,29536.0,175.80952380952382,2.2,0.0,61.6,0.3666666666666667,2.5749999999999997,0.0,97.8375,0.5823660714285714,0.7071428571428571,0.13660714285714282
2021-11-14 00:00:00+00:00,1.125,0.7083333333333334,0.7083333333333334,,,4.2,0.0,61.0,0.3630952380952381,7.55,0.0,70.14999999999998,0.4175595238095239,910.6,904.2,152433.7,907.3434523809525,910.2750000000001,903.35,152338.1625,906.7747767857143,1995.2,0.0,54915.5,326.8779761904762,3232.175,0.0,69601.675,414.29568452380954,20.0,9.3,2452.1,14.595833333333333,22.5,11.0,2709.2000000000003,16.126190476190477,17.2,8.7,2246.5,13.37202380952381,18.175,10.075,2467.175,14.685565476190476,97.0,74.0,15550.0,92.55952380952381,97.0,63.25,15385.625,91.58110119047619,360.0,1.0,25823.0,153.70833333333334,357.5,1.5,26964.0,160.5,1.3,0.0,52.4,0.3119047619047619,2.2,0.0,70.6625,0.420610119047619,0.7218005952380953,0.014657738095238182
2021-11-21 00:00:00+00:00,1.25,0.7637499999999999,0.7637499999999999,,,7.2,0.0,99.6,0.5928571428571429,7.1,0.0,74.39999999999998,0.4428571428571429,910.1,900.8,152158.2,905.7035714285715,910.4,903.175,152320.8125,906.6715029761905,4041.2,0.0,109220.7,650.1232142857143,3254.0249999999996,0.0,78381.29999999999,466.55535714285713,28.0,12.1,2975.4,17.710714285714285,23.599999999999998,11.425,2784.95,16.577083333333334,19.6,10.3,2469.1,14.69702380952381,18.474999999999998,10.175,2494.8,14.850000000000001,97.0,48.0,14098.0,83.91666666666667,97.0,60.75,15154.375,90.2046130952381,360.0,1.0,26914.0,160.20238095238096,357.5,1.25,26245.75,156.22470238095238,2.8,0.0,170.4,1.0142857142857142,2.075,0.0,84.9375,0.5055803571428571,0.8640625000000001,0.1422619047619048
2021-11-28 00:00:00+00:00,1.25,0.7637499999999999,0.7637499999999999,,,14.8,0.0,29.0,0.17261904761904762,9.6,0.0,75.54999999999998,0.449702380952381,908.5,897.6,151809.9,903.6303571428571,909.2,901.0,152056.825,905.1001488095238,4027.3,0.0,124779.1,742.7327380952381,3504.85,0.0,92162.1,548.5839285714286,27.3,12.9,3172.6,18.88452380952381,24.450000000000003,11.25,2833.975,16.86889880952381,18.8,10.8,2628.0,15.642857142857142,18.375,9.925,2472.7,14.718452380952382,97.0,52.0,13851.0,82.44642857142857,97.0,60.25,14795.75,88.06994047619048,360.0,1.0,30551.0,181.85119047619048,360.0,1.0,27165.5,161.69940476190476,3.2,0.0,159.8,0.9511904761904763,2.375,0.0,111.05000000000001,0.6610119047619047,0.9250744047619048,0.06101190476190477
2021-12-05 00:00:00+00:00,1.25,0.7637499999999999,0.7637499999999999,,,12.4,0.0,88.6,0.5273809523809524,9.65,0.0,69.54999999999998,0.4139880952380953,909.3,898.4,151812.3,903.6446428571428,909.625,900.25,152053.525,905.080505952381,4569.4,0.0,105611.5,628.639880952381,3658.275,0.0,98631.7,587.0934523809524,29.0,14.8,3208.6,19.098809523809525,26.075000000000003,12.274999999999999,2952.175,17.57247023809524,20.9,12.9,2836.4,16.883333333333333,19.125,10.675,2545.0,15.148809523809522,97.0,37.0,14812.0,88.16666666666667,97.0,52.75,14577.75,86.77232142857143,360.0,1.0,30000.0,178.57142857142858,360.0,1.0,28322.0,168.58333333333334,2.3,0.0,105.1,0.6255952380952381,2.4,0.0,121.92500000000001,0.7257440476190476,0.8997767857142858,-0.02529761904761907
2021-12-12 00:00:00+00:00,1.25,0.7637499999999999,0.7637499999999999,,,29.0,0.0,126.6,0.7535714285714286,15.85,0.0,85.94999999999999,0.5116071428571429,906.4,900.7,151882.0,904.0595238095239,908.5749999999999,899.375,151915.6,904.2595238095239,4133.6,0.0,90757.7,540.2244047619048,4192.875,0.0,107592.25,640.4300595238095,27.3,13.4,2961.3,17.626785714285717,27.900000000000002,13.3,3079.475,18.33020833333333,20.1,12.8,2626.1,15.631547619047618,19.85,11.7,2639.8999999999996,15.713690476190475,97.0,54.0,14957.0,89.0297619047619,97.0,47.75,14429.5,85.88988095238096,358.0,1.0,29051.0,172.92261904761904,359.5,1.0,29129.0,173.38690476190476,2.2,0.0,117.2,0.6976190476190476,2.625,0.0,138.125,0.822172619047619,0.9489583333333333,0.04918154761904758
2021-12-19 00:00:00+00:00,0.875,0.38875,0.38875,,,39.0,0.0,160.0,0.9523809523809523,23.8,0.0,101.04999999999998,0.6014880952380952,907.6,901.6,151926.9,904.3267857142857,907.9499999999999,899.575,151857.775,903.9153273809524,3231.4,0.0,77559.6,461.66428571428577,3990.4249999999997,0.0,99676.975,593.3153273809525,27.6,14.7,3386.5,20.157738095238095,27.8,13.95,3182.25,18.941964285714285,21.0,13.3,3017.8,17.96309523809524,20.200000000000003,12.450000000000001,2777.075,16.530208333333334,97.0,59.0,14771.0,87.92261904761905,97.0,50.5,14597.75,86.89136904761905,357.0,4.0,32742.0,194.89285714285714,358.75,1.75,30586.0,182.0595238095238,2.5,0.0,168.1,1.000595238095238,2.55,0.0,137.55,0.8187500000000001,0.809672619047619,-0.13928571428571435
2021-12-26 00:00:00+00:00,0.875,0.4166666666666667,0.4166666666666667,,,10.0,0.0,49.4,0.29404761904761906,22.6,0.0,106.14999999999998,0.6318452380952382,907.7,899.6,151713.1,903.0541666666667,907.75,900.0749999999999,151833.57499999998,903.7712797619048,4137.5,0.0,118596.3,705.9303571428571,4017.975,0.0,98131.275,584.1147321428572,27.4,11.0,3006.0,17.892857142857142,27.825000000000003,13.475,3140.6,18.69404761904762,20.0,10.4,2559.8,15.236904761904762,20.5,12.35,2760.025,16.428720238095238,97.0,53.0,14352.0,85.42857142857143,97.0,50.75,14723.0,87.63690476190476,360.0,3.0,28322.0,168.58333333333334,358.75,2.25,30028.75,178.74255952380952,2.5,0.0,133.5,0.7946428571428571,2.375,0.0,130.975,0.7796130952380953,0.6750744047619047,-0.13459821428571428
2022-01-02 00:00:00+00:00,0.75,0.375,0.4166666666666667,1.0,0.5,10.0,0.0,93.0,0.5535714285714286,22.0,0.0,107.24999999999997,0.6383928571428572,907.8,900.8,151883.7,904.069642857143,907.375,900.6750000000001,151851.42500000002,903.8775297619047,3732.4,0.0,88240.1,525.2386904761905,3808.725,0.0,93788.425,558.2644345238095,27.7,16.0,3268.5,19.455357142857142,27.5,13.774999999999999,3155.575,18.783184523809524,19.6,13.2,2820.4,16.788095238095238,20.175,12.425,2756.025,16.404910714285712,97.0,46.0,14326.0,85.27380952380952,97.0,53.0,14601.5,86.91369047619048,358.0,17.0,35813.0,213.17261904761904,358.25,6.25,31482.0,187.39285714285714,3.6,0.0,208.3,1.2398809523809524,2.7,0.0,156.77499999999998,0.9331845238095238,0.5823660714285714,-0.09270833333333328
2022-01-09 00:00:00+00:00,0.875,0.4166666666666667,0.4166666666666667,1.0,0.5,8.8,0.0,187.0,1.1130952380952381,16.95,0.0,122.35,0.7282738095238096,906.4,899.3,151613.6,902.4619047619047,907.375,900.3249999999999,151784.325,903.478125,1828.9,0.0,51945.6,309.2,3232.55,0.0,84085.4,500.5083333333334,24.4,16.5,3350.5,19.94345238095238,26.775,14.549999999999999,3252.875,19.36235119047619,19.4,13.7,2929.8,17.439285714285717,20.0,12.65,2831.9500000000003,16.85684523809524,97.0,61.0,14490.0,86.25,97.0,54.75,14484.75,86.21875,342.0,7.0,34074.0,202.82142857142858,354.25,7.75,32737.75,194.86755952380952,3.1,0.0,203.9,1.2136904761904763,2.9250000000000003,0.0,178.45,1.062202380952381,0.420610119047619,-0.16175595238095242
2022-01-16 00:00:00+00:00,1.1458333333333333,0.7637499999999999,0.7637499999999999,1.0,0.5,13.4,0.0,114.2,0.6797619047619048,10.55,0.0,110.89999999999999,0.6601190476190477,912.4,901.2,152307.8,906.5940476190475,908.575,900.225,151879.55,904.0449404761905,3330.5,0.0,94552.5,562.8125,3257.325,0.0,88333.625,525.7953869047619,26.5,16.7,3480.4,20.71666666666667,26.5,15.05,3276.3500000000004,19.50208333333333,21.8,16.1,3160.4,18.811904761904763,20.2,13.35,2867.6,17.06904761904762,97.0,63.0,15029.0,89.45833333333333,97.0,55.75,14549.25,86.60267857142857,341.0,6.0,31217.0,185.8154761904762,350.25,8.25,32356.5,192.5982142857143,2.1,0.0,98.2,0.5845238095238096,2.8249999999999997,0.0,160.97500000000002,0.9581845238095238,0.5055803571428571,0.08497023809523807
2022-01-23 00:00:00+00:00,1.4675,0.9445833333333334,0.9445833333333334,1.0,0.5,7.6,0.0,11.2,0.06666666666666667,9.95,0.0,101.35,0.6032738095238097,909.7,904.9,152392.5,907.0982142857143,909.0749999999999,901.55,152049.40000000002,905.0559523809524,4103.4,0.0,154340.7,918.694642857143,3248.8,0.0,97269.725,578.9864583333333,30.2,16.4,3683.2,21.923809523809524,27.2,16.4,3445.65,20.509821428571428,22.6,14.4,3127.4,18.61547619047619,20.85,14.35,3009.5,17.913690476190478,96.0,48.0,13885.0,82.64880952380952,96.75,54.5,14432.5,85.9077380952381,360.0,1.0,30338.0,180.58333333333334,350.25,7.75,32860.5,195.59821428571428,2.0,0.0,97.7,0.5815476190476191,2.7,0.0,152.025,0.9049107142857142,0.6610119047619047,0.15543154761904765
2022-01-30 00:00:00+00:00,1.4375,1.01375,1.01375,1.0,0.5,4.4,0.0,28.4,0.16904761904761903,8.55,0.0,85.19999999999999,0.5071428571428572,906.5,900.6,151836.5,903.7886904761905,908.75,901.5,152037.59999999998,904.9857142857143,3822.4,0.0,134846.3,802.6565476190475,3271.3,0.0,108921.27500000001,648.3409226190475,28.7,16.4,3652.4,21.74047619047619,27.449999999999996,16.5,3541.625,21.08110119047619,22.9,14.5,2908.9,17.314880952380953,21.675,14.675,3031.625,18.045386904761905,96.0,50.0,12992.0,77.33333333333333,96.5,55.5,14099.0,83.92261904761905,336.0,11.0,37288.0,221.95238095238096,344.75,6.25,33229.25,197.79315476190476,2.4,0.0,162.8,0.9690476190476192,2.4,0.0,140.65,0.837202380952381,0.7257440476190476,0.0647321428571429
2022-02-06 00:00:00+00:00,1.4375,1.01375,1.01375,1.0,0.5,44.6,0.0,126.4,0.7523809523809524,17.5,0.0,70.04999999999998,0.4169642857142858,907.8,901.6,151982.4,904.6571428571428,909.1,902.075,152129.8,905.5345238095238,3405.4,0.0,83002.7,494.06369047619046,3665.4249999999997,0.0,116685.55,694.5568452380952,26.1,17.3,3504.2,20.85833333333333,27.875,16.7,3580.05,21.30982142857143,20.7,16.8,3112.9,18.52916666666667,22.0,15.450000000000001,3077.4,18.317857142857143,97.0,63.0,14635.0,87.11309523809524,96.5,56.0,14135.25,84.13839285714286,351.0,23.0,35764.0,212.88095238095238,347.0,10.25,33651.75,200.30803571428572,2.5,0.0,124.0,0.7380952380952381,2.25,0.0,120.67500000000001,0.7183035714285715,0.822172619047619,0.09642857142857131
2022-02-13 00:00:00+00:00,1.9,1.2666666666666666,1.2666666666666666,1.0,0.5,23.8,0.0,177.4,1.055952380952381,20.1,0.0,85.85,0.5110119047619048,906.4,902.4,151964.0,904.547619047619,907.5999999999999,902.375,152043.85,905.0229166666667,3540.3,0.0,68110.8,405.4214285714286,3717.875,0.0,110075.125,655.2090773809524,24.3,14.0,3071.8,18.28452380952381,27.325,16.025,3477.8999999999996,20.701785714285712,20.3,12.8,2866.6,17.063095238095237,21.625,14.625,3003.95,17.88065476190476,97.0,64.0,15606.0,92.89285714285714,96.5,56.25,14279.5,84.99702380952381,351.0,2.0,27300.0,162.5,349.5,9.25,32672.5,194.47916666666666,1.9,0.0,74.1,0.44107142857142856,2.2,0.0,114.65,0.6824404761904763,0.8187500000000001,-0.003422619047618869
2022-02-20 00:00:00+00:00,2.1083333333333334,1.4195833333333334,1.4195833333333334,1.0,0.5,23.6,0.0,115.60000000000001,0.6880952380952381,24.100000000000005,0.0,111.95,0.6663690476190477,908.2,900.4,151951.9,904.4755952380953,907.225,901.25,151933.7,904.3672619047619,3826.4,0.0,96264.1,573.0005952380952,3648.625,0.0,95555.975,568.7855654761904,28.0,15.3,3281.0,19.529761904761905,26.775,15.75,3377.35,20.10327380952381,21.5,14.0,2965.2,17.65,21.35,14.525000000000002,2963.4,17.639285714285716,97.0,55.0,15037.0,89.50595238095238,96.75,58.0,14567.5,86.71130952380952,348.0,3.0,32110.0,191.13095238095238,346.5,9.75,33115.5,197.11607142857142,2.0,0.0,92.2,0.5488095238095239,2.2,0.0,113.275,0.6742559523809525,0.7796130952380953,-0.03913690476190479
2022-02-27 00:00:00+00:00,3.208333333333333,1.569583333333333,1.569583333333333,1.0,0.5,65.4,0.0,73.00000000000001,0.4345238095238096,39.35000000000001,0.0,123.1,0.7327380952380954,910.1,904.2,152439.3,907.3767857142857,908.125,902.15,152084.4,905.2642857142857,3784.3,0.0,119629.1,712.0779761904762,3639.1,0.0,91751.675,546.1409226190476,27.5,15.6,3402.8,20.254761904761907,26.475,15.549999999999999,3314.9500000000003,19.73184523809524,21.3,15.0,3057.3,18.198214285714286,20.95,14.650000000000002,3000.5,17.860119047619047,97.0,50.0,14929.0,88.86309523809524,97.0,58.0,15051.75,89.59375,327.0,16.0,29724.0,176.92857142857142,344.25,11.0,31224.5,185.86011904761907,2.1,0.0,72.6,0.4321428571428571,2.125,0.0,90.725,0.5400297619047619,0.9331845238095238,0.15357142857142847
2022-03-06 00:00:00+00:00,2.958333333333333,1.48625,1.48625,1.0,0.5,1.0,0.0,1.2,0.007142857142857143,28.450000000000006,0.0,91.8,0.5464285714285715,908.3,904.3,152263.4,906.3297619047619,908.25,902.825,152154.65,905.6824404761904,3828.7,0.0,153318.4,912.6095238095238,3744.925,0.0,109330.6,650.7773809523809,28.7,16.0,3608.9,21.48154761904762,27.125,15.225,3341.125,19.88764880952381,21.3,13.7,2794.7,16.635119047619046,21.1,13.875,2920.95,17.38660714285714,94.0,43.0,12703.0,75.61309523809524,96.25,53.0,14568.75,86.71875,347.0,27.0,35101.0,208.9345238095238,343.25,12.0,31058.75,184.8735119047619,2.4,0.0,127.7,0.7601190476190476,2.1,0.0,91.65,0.5455357142857142,1.062202380952381,0.1290178571428573
2022-03-13 00:00:00+00:00,1.6416666666666666,0.7279166666666667,0.7279166666666667,1.0,0.5,0.2,0.0,0.4,0.002380952380952381,22.550000000000004,0.0,47.54999999999999,0.28303571428571433,908.2,903.2,152193.5,905.9136904761905,908.7,903.025,152212.025,906.0239583333333,3902.0,0.0,145043.8,863.3559523809523,3835.3500000000004,0.0,128563.85,765.261011904762,29.1,16.4,3705.8,22.058333333333334,28.325000000000003,15.825,3499.625,20.83110119047619,21.4,11.0,2869.3,17.07916666666667,21.375,13.425,2921.625,17.390625,96.0,33.0,12594.0,74.96428571428571,96.0,45.25,13815.75,82.23660714285714,346.0,1.0,33082.0,196.91666666666666,342.0,11.75,32504.25,193.47767857142856,2.5,0.0,138.8,0.8261904761904763,2.25,0.0,107.82499999999999,0.6418154761904762,0.9581845238095238,-0.10401785714285727
2022-03-20 00:00:00+00:00,1.6,0.7000000000000001,0.6720833333333333,1.0,0.5,29.4,0.0,61.4,0.36547619047619045,24.000000000000004,0.0,33.999999999999986,0.20238095238095244,909.0,902.8,152207.6,905.9976190476191,908.9,903.625,152275.95,906.4044642857143,3794.8,0.0,138628.8,825.1714285714285,3827.45,0.0,139155.025,828.3037202380953,28.7,16.3,3695.6,21.997619047619047,28.5,16.075,3603.275,21.44806547619048,21.9,13.5,2935.5,17.473214285714285,21.475,13.3,2914.2,17.34642857142857,96.0,46.0,12980.0,77.26190476190476,95.75,43.0,13301.5,79.17559523809524,360.0,11.0,36069.0,214.69642857142858,345.0,13.75,33494.0,199.36904761904762,2.2,0.0,119.8,0.7130952380952381,2.3,0.0,114.725,0.6828869047619047,0.9049107142857142,-0.05327380952380956
2022-03-27 00:00:00+00:00,1.6,0.6445833333333334,0.6166666666666667,1.0,0.5,19.6,0.0,177.8,1.0583333333333333,12.550000000000004,0.0,60.19999999999999,0.3583333333333334,912.2,902.6,152450.5,907.4434523809524,909.4250000000001,903.225,152278.75,906.421130952381,3493.2,0.0,101789.7,605.8910714285714,3754.675,0.0,134695.175,801.756994047619,29.9,13.9,3258.4,19.395238095238096,29.1,15.65,3567.175,21.233184523809523,20.6,13.0,2721.5,16.199404761904763,21.299999999999997,12.8,2830.25,16.84672619047619,97.0,38.0,14008.0,83.38095238095238,95.75,40.0,13071.25,77.80505952380952,360.0,7.0,28712.0,170.9047619047619,353.25,11.5,33241.0,197.86309523809524,2.6,0.0,149.5,0.8898809523809523,2.425,0.0,133.95,0.7973214285714285,0.837202380952381,-0.06770833333333326
2022-04-03 00:00:00+00:00,1.65,0.7166666666666667,0.6887500000000001,1.0,0.5,19.6,0.0,127.6,0.7595238095238095,17.200000000000003,0.0,91.79999999999998,0.5464285714285715,910.7,903.2,152462.0,907.5119047619048,910.025,902.95,152328.4,906.7166666666667,3358.6,0.0,78525.7,467.41488095238094,3637.1499999999996,0.0,115996.99999999999,690.4583333333333,27.9,17.2,3327.6,19.807142857142857,28.9,15.95,3496.85,20.814583333333335,20.4,16.4,3061.3,18.22202380952381,21.075,13.475,2896.9,17.243452380952384,97.0,54.0,15313.0,91.14880952380952,96.5,42.75,13723.75,81.68898809523809,360.0,8.0,29051.0,172.92261904761904,356.5,6.75,31728.5,188.86011904761904,1.9,0.0,59.7,0.35535714285714287,2.3,0.0,116.94999999999999,0.6961309523809524,0.7183035714285715,-0.11889880952380949
2022-04-10 00:00:00+00:00,1.25,0.6041666666666666,0.6041666666666666,1.0,0.5,2.2,0.0,19.5,0.11607142857142858,17.700000000000003,0.0,96.57499999999999,0.5748511904761905,910.2,903.3,152330.0,906.7261904761905,910.5250000000001,902.975,152362.525,906.9197916666667,3430.5,0.0,91696.35,545.8116071428572,3519.2749999999996,0.0,102660.13749999998,611.0722470238095,25.9,15.3,3260.05,19.405059523809523,28.1,15.675,3385.4125,20.151264880952382,20.4,14.8,2967.05,17.661011904761907,20.825,14.425,2921.3374999999996,17.388913690476194,97.0,57.0,15188.0,90.4047619047619,96.75,48.75,14372.25,85.54910714285714,359.0,1.0,26583.0,158.23214285714286,359.75,6.75,30103.75,179.18898809523807,2.8,0.0,59.35,0.35327380952380955,2.375,0.0,97.0875,0.5779017857142857,0.6824404761904763,-0.035863095238095166
2022-04-17 00:00:00+00:00,1.3333333333333333,0.7041666666666666,0.7041666666666666,1.0,0.5,12.8,0.0,31.5,0.1875,13.550000000000004,0.0,89.1,0.5303571428571429,909.3,900.9,152085.45588235295,905.2705707282914,910.6,902.5,152331.98897058825,906.7380295868347,2909.7,0.0,119636.0125,712.1191220238095,3298.0,0.0,97911.940625,582.8091703869047,27.7,13.2,3034.6,18.063095238095237,27.85,14.9,3220.1625000000004,19.167633928571426,21.7,11.3,2630.525,15.657886904761906,20.775,13.875,2845.09375,16.935081845238095,97.0,58.0,14512.75,86.38541666666667,97.0,51.75,14755.4375,87.82998511904762,360.0,2.0,26513.5,157.81845238095238,359.75,4.5,27714.875,164.96949404761904,2.2,0.0,70.85,0.4217261904761904,2.375,0.0,84.85,0.5050595238095238,0.6742559523809525,-0.008184523809523836
2022-04-24 00:00:00+00:00,1.6666666666666667,0.7845833333333333,0.7845833333333333,1.0,0.5,0.0,0.0,0.0,0.0,8.650000000000002,0.0,44.649999999999984,0.2657738095238096,910.9,901.0,152376.61078431373,907.003635620915,910.275,902.0999999999999,152313.51666666666,906.6280753968255,3119.9,0.0,156415.6875,931.0457589285714,3204.6749999999997,0.0,111568.4375,664.0978422619047,26.5,14.0,3342.5558823529414,19.896165966386555,27.0,14.924999999999999,3241.201470588235,19.292865896358542,18.7,10.4,2445.610294117647,14.557204131652659,20.3,13.225,2776.1213235294117,16.524531687675072,93.0,41.0,12305.926470588236,73.24956232492998,96.0,52.5,14329.91911764706,85.29713760504202,294.0,22.0,22363.79411764706,133.11782212885154,343.25,8.25,26127.823529411766,155.52275910364145,3.0,0.0,148.24117647058824,0.8823879551820729,2.475,0.0,84.53529411764706,0.5031862745098039,0.5400297619047619,-0.13422619047619055
2022-05-01 00:00:00+00:00,1.6666666666666667,0.8612500000000001,0.8612500000000001,1.0,0.5,0.0,0.0,0.0,0.0,3.7500000000000036,0.0,12.749999999999986,0.0758928571428572,911.4,905.3,152702.3754385965,908.9427109440268,910.45,902.625,152373.6105263158,906.9857769423559,3034.1,435.59999999999997,312117.51666666666,1857.8423611111111,3123.5499999999997,108.89999999999999,169966.39166666666,1011.7047123015873,25.3,18.97058823529412,3740.877450980392,22.267127684407097,26.35,15.367647058823529,3344.5208333333335,19.907862103174605,19.4,14.2,2735.7480392156863,16.28421451914099,20.049999999999997,12.675,2694.7333333333336,16.040079365079364,85.11764705882354,52.0,11702.823529411764,69.65966386554621,93.02941176470588,52.0,13427.375,79.92485119047619,299.0,41.529411764705884,28439.679566563467,169.28380694383017,328.0,16.63235294117647,25974.99342105263,154.61305607769424,2.4,0.2,205.99303405572755,1.2261490122364735,2.5999999999999996,0.05,121.10855263157896,0.7208842418546366,0.5455357142857142,0.005505952380952306
2022-05-08 00:00:00+00:00,1.9041666666666668,0.9333333333333333,0.9333333333333333,1.0,0.5,0.0,0.0,0.0,0.0,3.2000000000000037,0.0,7.874999999999986,0.046875000000000056,912.8,902.5,152551.65789473685,908.0455827067669,911.0999999999999,902.425,152429.02500000002,907.3156250000001,3368.96,808.9,374638.93333333335,2229.993650793651,3108.165,311.125,240702.0375,1432.7502232142856,26.3,16.7,3590.3166666666666,21.37093253968254,26.45,15.71764705882353,3427.0874999999996,20.39933035714286,17.4,13.0,2533.4166666666665,15.07986111111111,19.3,12.225000000000001,2586.325,15.394791666666666,85.0,47.0,11495.1,68.4232142857143,90.02941176470588,49.5,12504.15,74.42946428571429,355.0,28.0,32730.926315789475,194.82694235588974,327.0,23.38235294117647,27511.975000000002,163.76175595238095,2.1,0.7,214.31578947368422,1.2756892230576442,2.4250000000000003,0.22499999999999998,159.85,0.9514880952380953,0.6418154761904762,0.09627976190476195
2022-05-15 00:00:00+00:00,2.1416666666666666,1.0054166666666666,1.0054166666666666,1.0,0.5,0.0,0.0,0.0,0.0,0.0,0.0,0.0,0.0,911.8875,904.1,152522.25405405406,907.8705598455599,911.746875,903.225,152538.22454292528,907.9656222793171,4014.4,1009.8,377482.8970588235,2246.922006302521,3384.34,563.5749999999999,305163.75863970583,1816.4509442839635,22.7,16.7,3249.2647058823527,19.340861344537814,25.2,16.59264705882353,3480.7536764705883,20.7187718837535,16.1,10.6,2302.3735294117646,13.704604341736694,17.9,12.05,2504.287132352941,14.906471025910362,82.0,47.0,11863.341176470589,70.61512605042017,86.27941176470588,46.75,11841.797794117647,70.48689163165267,342.0,29.0,19688.923529411764,117.19597338935574,322.5,30.13235294117647,25805.83088235294,153.6061362044818,2.2,0.7,198.3764705882353,1.180812324929972,2.425,0.39999999999999997,191.7316176470588,1.1412596288515406,0.6828869047619047,0.04107142857142854
2022-05-22 00:00:00+00:00,1.1666666666666667,0.8416666666666667,0.8416666666666667,1.0,0.5,0.2,0.0,0.8,0.004761904761904762,0.050000000000003555,0.0,0.1999999999999858,0.001190476190476246,914.0,898.0,152199.89594594596,905.9517615830116,912.521875,902.4749999999999,152494.04583333334,907.7026537698413,2945.4,0.0,148583.70294117648,884.4268032212885,3340.715,563.5749999999999,303205.76249999995,1804.7962053571428,19.9,6.2,2318.435294117647,13.800210084033614,23.55,14.64264705882353,3224.7235294117645,19.194782913165266,15.7,0.8,1541.1264705882354,9.173371848739496,17.15,9.65,2278.166176470588,13.560512955182073,97.0,37.0,12687.558823529413,75.52118347338936,87.27941176470588,45.75,11937.20588235294,71.05479691876751,302.0,155.11764705882354,42359.67647058824,252.14093137254903,324.5,63.411764705882355,30804.801470588238,183.36191351540617,2.5,0.0,150.7235294117647,0.8971638655462184,2.3,0.39999999999999997,192.35220588235293,1.144953606442577,0.7973214285714285,0.11443452380952379
2022-05-29 00:00:00+00:00,2.0416666666666665,0.9945833333333334,0.9945833333333334,1.0,0.5,0.0,0.0,0.0,0.0,0.050000000000003555,0.0,0.1999999999999858,0.001190476190476246,915.5,904.2,153108.9,911.3625,913.546875,902.2,152595.67697368423,908.3076010338347,2674.5,0.0,98827.6,588.2595238095239,3250.815,454.67499999999995,249883.28333333333,1487.4004960317461,24.5,9.9,2702.1,16.083928571428572,23.349999999999998,12.375,2965.0291666666667,17.648983134920634,14.4,6.6,1787.4,10.639285714285714,15.9,7.749999999999999,2041.0791666666667,12.149280753968254,94.0,32.0,12035.0,71.63690476190476,89.5,40.75,12020.25,71.54910714285714,297.0,234.0,43865.0,261.1011904761905,324.0,111.52941176470588,34661.131578947374,206.31625939849627,2.7,0.1,184.5,1.0982142857142858,2.375,0.375,186.97894736842105,1.1129699248120302,0.6961309523809524,-0.10119047619047616
2022-06-05 00:00:00+00:00,2.0166666666666666,1.0054166666666666,1.0054166666666666,1.0,0.5,7.0,0.0,47.4,0.28214285714285714,1.8000000000000036,0.0,12.049999999999985,0.07172619047619053,912.9,903.5,152539.2,907.9714285714286,913.5718750000001,902.45,152592.5625,908.2890625,2674.7,0.0,66531.6,396.0214285714286,3077.25,252.44999999999996,172856.45,1028.9074404761905,24.9,9.6,2765.5,16.461309523809526,23.0,10.6,2758.825,16.42157738095238,18.6,9.0,2353.7,14.010119047619046,16.200000000000003,6.75,1996.1499999999999,11.881845238095238,97.0,46.0,14538.0,86.53571428571429,92.5,40.5,12780.975,76.07723214285716,301.0,231.0,44131.0,262.6845238095238,310.5,162.27941176470588,37511.15,223.28065476190477,2.9,0.0,135.0,0.8035714285714286,2.575,0.19999999999999998,167.15,0.9949404761904761,0.5779017857142857,-0.11822916666666661
2022-06-12 00:00:00+00:00,1.9166666666666667,0.8945833333333333,0.8945833333333333,1.0,0.5,1.6,0.0,11.8,0.07023809523809524,2.2000000000000037,0.0,14.999999999999986,0.08928571428571433,910.7,903.9,152334.3,906.7517857142857,913.275,902.4000000000001,152545.5739864865,908.0093689671814,2587.8,0.0,60510.3,360.18035714285713,2720.6,0.0,93613.30073529412,557.2220281862745,24.1,8.2,2594.4,15.442857142857143,23.349999999999998,8.475,2595.108823529412,15.447076330532214,16.4,7.2,2194.6,13.063095238095238,16.275,5.8999999999999995,1969.206617647059,11.721467962184875,97.0,44.0,14585.0,86.81547619047619,96.25,39.75,13461.389705882353,80.12731967787114,298.0,231.0,44592.0,265.42857142857144,299.5,212.77941176470588,43736.91911764706,260.3388042717087,2.9,0.0,131.6,0.7833333333333333,2.75,0.025,150.4558823529412,0.8955707282913165,0.5050595238095238,-0.07284226190476195
2022-06-19 00:00:00+00:00,1.375,0.7083333333333334,0.7083333333333334,1.0,0.5,1.4,0.0,13.0,0.07738095238095238,2.5000000000000036,0.0,18.049999999999986,0.10744047619047625,913.1,903.3,152769.4,909.3416666666666,913.05,903.725,152687.95,908.8568452380953,2568.6,0.0,70002.6,416.6821428571429,2626.4,0.0,73968.02500000001,440.28586309523814,22.1,6.6,2160.2,12.858333333333333,23.900000000000002,8.575,2555.55,15.211607142857144,14.9,5.8,1769.3,10.531547619047618,16.075,7.1499999999999995,2026.25,12.061011904761905,97.0,43.0,14619.0,87.01785714285714,96.25,41.25,13944.25,83.0014880952381,303.0,231.0,44527.0,265.0416666666667,299.75,231.75,44278.75,263.5639880952381,2.7,0.0,132.2,0.7869047619047619,2.8,0.025,145.825,0.8680059523809524,0.5031862745098039,-0.0018732492997198813
2022-06-26 00:00:00+00:00,0.9166666666666666,0.5279166666666667,0.5625,1.0,0.5,14.2,0.0,70.4,0.41904761904761906,6.050000000000003,0.0,35.64999999999999,0.212202380952381,912.6,908.1,152899.3,910.1148809523809,912.325,904.6999999999999,152635.55,908.5449404761904,2556.4,0.0,89945.4,535.3892857142857,2596.875,0.0,71747.475,427.0683035714286,24.7,9.1,2566.8,15.27857142857143,23.950000000000003,8.375,2521.725,15.010267857142857,15.3,7.4,1943.3,11.567261904761905,16.3,7.35,2065.225,12.293005952380952,97.0,35.0,13500.0,80.35714285714286,97.0,42.0,14310.5,85.18154761904762,298.0,231.0,43538.0,259.1547619047619,300.0,231.0,44197.0,263.07738095238096,2.7,0.0,155.8,0.9273809523809524,2.8000000000000003,0.0,138.65,0.8252976190476189,0.7208842418546366,0.2176979673448327
2022-07-03 00:00:00+00:00,0.9166666666666666,0.46125,0.46125,1.0,0.5,4.4,0.0,17.400000000000002,0.10357142857142858,5.400000000000004,0.0,28.149999999999988,0.16755952380952385,915.1,905.1,152948.0,910.4047619047619,912.8750000000001,905.0999999999999,152737.75,909.1532738095237,2553.2,0.0,89013.3,529.8410714285715,2566.5,0.0,77367.9,460.5232142857143,23.9,9.0,2449.8,14.582142857142859,23.7,8.225,2442.8,14.540476190476191,14.3,7.0,1845.7,10.986309523809524,15.225,6.85,1938.225,11.537053571428572,97.0,37.0,13532.0,80.54761904761905,97.0,39.75,14059.0,83.68452380952381,294.0,231.0,43174.0,256.98809523809524,298.25,231.0,43957.75,261.6532738095238,3.1,0.0,150.3,0.8946428571428572,2.85,0.0,142.475,0.8480654761904761,0.9514880952380953,0.23060385338345868
2022-07-10 00:00:00+00:00,0.8333333333333334,0.38875,0.38875,1.0,0.5,0.0,0.0,0.0,0.0,5.0000000000000036,0.0,25.19999999999999,0.15000000000000005,915.3,908.9,153209.3,911.960119047619,914.025,906.35,152956.5,910.4553571428571,2622.2,0.0,107452.7,639.5994047619048,2575.1,0.0,89103.5,530.3779761904763,22.1,8.9,2747.5,16.354166666666668,23.200000000000003,8.4,2481.075,14.768303571428572,13.0,5.8,1635.0,9.732142857142858,14.375,6.5,1798.3249999999998,10.704315476190475,94.0,36.0,11290.0,67.20238095238095,96.25,37.75,13235.25,78.78125,286.0,231.0,43500.0,258.92857142857144,295.25,231.0,43684.75,260.02827380952385,3.0,0.0,194.85,1.1598214285714286,2.875,0.0,158.2875,0.9421875,1.1412596288515406,0.18977153361344534
2022-07-17 00:00:00+00:00,0.7583333333333333,0.36375,0.36375,1.0,0.5,1.6,0.0,3.8000000000000003,0.022619047619047622,5.050000000000003,0.0,22.899999999999988,0.13630952380952385,913.2,905.6,152745.4,909.1988095238095,914.0500000000001,906.925,152950.5,910.4196428571428,2590.3,0.0,93684.3,557.6446428571429,2580.5249999999996,0.0,95023.92499999999,565.6186011904763,26.7,12.0,3037.7,18.08154761904762,24.349999999999998,9.75,2700.45,16.074107142857144,15.7,7.1,1940.4,11.55,14.575000000000001,6.825,1841.1000000000001,10.958928571428572,97.0,31.0,11409.0,67.91071428571429,96.25,34.75,12432.75,74.00446428571429,298.0,231.0,44166.0,262.89285714285717,294.0,231.0,43594.5,259.49107142857144,4.8,0.0,256.6,1.5273809523809525,3.4000000000000004,0.0,189.38750000000002,1.1273065476190476,1.144953606442577,0.0036939775910362904
2022-07-24 00:00:00+00:00,0.8166666666666668,0.3779166666666667,0.3779166666666667,1.0,0.5,0.8,0.0,2.4,0.014285714285714285,1.7000000000000037,0.0,5.899999999999986,0.035119047619047675,914.8,908.5,153081.9,911.2017857142857,914.6,907.0250000000001,152996.15,910.691369047619,2698.5,0.0,91679.7,545.7125,2616.05,0.0,95457.5,568.1994047619048,23.3,10.4,2636.7,15.694642857142856,24.0,10.075,2717.925,16.178125,15.4,9.2,2077.9,12.368452380952382,14.6,7.2749999999999995,1874.75,11.15922619047619,97.0,49.0,13790.0,82.08333333333333,96.25,38.25,12505.25,74.4360119047619,298.0,231.0,43393.0,258.2916666666667,294.0,231.0,43558.25,259.27529761904765,2.6,0.0,114.3,0.6803571428571429,3.375,0.0,179.0125,1.0655505952380953,1.1129699248120302,-0.03198368163054677
2022-07-31 00:00:00+00:00,0.7916666666666666,0.35,0.35,1.0,0.5,12.8,0.0,26.8,0.15952380952380954,3.800000000000004,0.0,8.249999999999986,0.04910714285714292,912.9,902.6,152680.1,908.8101190476191,914.05,906.4,152929.175,910.2927083333334,2702.6,0.0,91920.5,547.1458333333334,2653.4,0.0,96184.29999999999,572.5255952380953,24.8,9.1,2487.9,14.808928571428572,24.225,10.1,2727.45,16.23482142857143,15.2,7.6,1832.6,10.908333333333333,14.825,7.425000000000001,1871.475,11.139732142857143,97.0,36.0,13343.0,79.42261904761905,96.25,38.0,12458.0,74.1547619047619,298.0,231.0,43974.0,261.75,295.0,231.0,43758.25,260.46577380952385,3.0,0.0,156.7,0.9327380952380951,3.35,0.0,180.6125,1.0750744047619047,0.9949404761904761,-0.11802944862155407
2022-08-07 00:00:00+00:00,0.7916666666666666,0.33625,0.33625,1.0,0.5,0.8,0.0,4.4,0.02619047619047619,4.0000000000000036,0.0,9.349999999999985,0.05565476190476196,910.8,904.0,152545.7,908.0101190476191,912.925,905.1750000000001,152763.275,909.3052083333333,2783.0,0.0,99799.1,594.042261904762,2693.6,0.0,94270.90000000001,561.1363095238096,27.2,10.4,2789.3,16.60297619047619,25.5,10.475,2737.9,16.297023809523807,17.2,9.5,2195.5,13.068452380952381,15.875,8.35,2011.6,11.973809523809525,97.0,35.0,13670.0,81.36904761904762,97.0,37.75,13053.0,77.69642857142857,298.0,231.0,44844.0,266.92857142857144,298.0,231.0,44094.25,262.4657738095238,4.0,0.0,172.3,1.0255952380952382,3.6,0.0,174.97500000000002,1.041517857142857,0.8955707282913165,-0.09936974789915964
2022-08-14 00:00:00+00:00,0.7083333333333334,0.33625,0.33625,1.0,0.5,9.8,0.0,44.2,0.2630952380952381,6.050000000000004,0.0,19.44999999999999,0.11577380952380958,915.8,899.7,152745.6,909.2,913.5749999999999,903.7,152763.325,909.305505952381,3015.3,0.0,80036.2,476.4059523809524,2799.85,0.0,90858.875,540.8266369047619,21.7,10.1,2497.5,14.866071428571429,24.25,10.0,2602.85,15.493154761904764,16.0,4.0,1946.7,11.5875,15.95,7.574999999999999,2013.175,11.983184523809523,97.0,49.0,13750.0,81.8452380952381,97.0,42.25,13638.25,81.18005952380952,298.0,231.0,44463.0,264.6607142857143,298.0,231.0,44168.5,262.9077380952381,5.0,0.0,181.5,1.0803571428571428,3.6500000000000004,0.0,156.2,0.9297619047619046,0.8680059523809524,-0.027564775910364103
2022-08-21 00:00:00+00:00,0.5625,0.2870833333333333,0.2870833333333333,1.0,0.5,3.4,0.0,53.0,0.31547619047619047,6.700000000000004,0.0,32.09999999999999,0.19107142857142861,918.0,904.4,152955.5,910.4494047619048,914.375,902.6750000000001,152731.725,909.1174107142858,3053.2,0.0,93635.6,557.354761904762,2888.525,0.0,91347.85,543.7372023809523,26.2,9.0,2660.1,15.83392857142857,24.974999999999998,9.65,2608.7,15.527976190476192,14.4,7.0,1690.3,10.061309523809523,15.7,7.025,1916.275,11.406398809523811,97.0,36.0,12021.0,71.55357142857143,97.0,39.0,13196.0,78.54761904761905,298.0,233.0,44979.0,267.73214285714283,298.0,231.5,44565.0,265.2678571428571,3.4,0.1,246.2,1.4654761904761904,3.85,0.025,189.175,1.1260416666666664,0.8252976190476189,-0.04270833333333346
2022-08-28 00:00:00+00:00,0.5625,0.2870833333333333,0.2870833333333333,1.0,0.5,2.0,0.0,3.6,0.02142857142857143,4.0000000000000036,0.0,26.299999999999986,0.1565476190476191,915.1,907.6,153178.6,911.777380952381,914.925,903.925,152856.35,909.8592261904763,3153.1,0.0,108033.8,643.0583333333334,3001.1499999999996,0.0,95376.175,567.7153273809524,25.2,9.2,2659.9,15.832738095238096,25.075,9.675,2651.7000000000003,15.783928571428572,15.8,7.7,2038.5,12.133928571428571,15.85,7.05,1967.75,11.712797619047619,97.0,44.0,13475.0,80.20833333333333,97.0,41.0,13229.0,78.74404761904762,298.0,231.0,43537.0,259.1488095238095,298.0,231.5,44455.75,264.6175595238095,2.6,0.0,126.7,0.7541666666666667,3.75,0.025,181.67499999999998,1.0813988095238094,0.8480654761904761,0.02276785714285723
2022-09-04 00:00:00+00:00,0.5625,0.2870833333333333,0.2870833333333333,1.0,0.5,10.2,0.0,147.4,0.8773809523809524,6.350000000000003,0.0,62.04999999999998,0.3693452380952381,915.9,907.2,153166.0,911.702380952381,916.1999999999999,904.725,153011.425,910.7822916666667,3381.4,0.0,102782.5,611.8005952380952,3150.75,0.0,96122.025,572.1549107142857,23.3,7.0,2226.2,13.251190476190475,24.099999999999998,8.825,2510.9249999999997,14.945982142857142,15.0,4.5,1553.6,9.247619047619047,15.3,5.800000000000001,1807.2749999999999,10.757589285714285,97.0,34.0,13366.0,79.55952380952381,97.0,40.75,13153.0,78.29166666666667,298.0,231.0,45195.0,269.01785714285717,298.0,231.5,44543.5,265.13988095238096,2.7,0.0,211.6,1.2595238095238095,3.425,0.025,191.5,1.139880952380952,0.9421875,0.09412202380952384
2022-09-11 00:00:00+00:00,0.5833333333333334,0.3054166666666666,0.3054166666666666,1.0,0.5,3.0,0.0,19.400000000000002,0.11547619047619048,4.650000000000004,0.0,55.849999999999994,0.33244047619047623,916.5,906.0,152975.7,910.569642857143,916.375,906.3000000000001,153068.95,911.1247023809525,3361.6,0.0,105343.8,627.0464285714286,3237.325,0.0,102448.92500000002,609.8150297619047,29.2,10.1,2713.3,16.15059523809524,25.975,8.825,2564.875,15.267113095238095,16.4,7.0,1899.8,11.308333333333334,15.4,6.550000000000001,1795.55,10.687797619047618,97.0,29.0,12756.0,75.92857142857143,97.0,35.75,12904.5,76.8125,298.0,231.0,44008.0,261.95238095238096,298.0,231.5,44429.75,264.4627976190476,3.0,0.0,188.2,1.1202380952380953,2.925,0.025,193.175,1.1498511904761903,1.1273065476190476,0.18511904761904763
2022-09-18 00:00:00+00:00,0.625,0.3195833333333333,0.3195833333333333,1.0,0.5,6.6,0.0,106.0,0.6309523809523809,5.450000000000003,0.0,69.1,0.4113095238095239,912.1,903.2,152600.7,908.3375000000001,914.9,906.0,152980.25,910.5967261904763,3076.8,0.0,58477.0,348.07738095238096,3243.225,0.0,93659.275,557.4956845238096,25.7,7.8,2408.7,14.337499999999999,25.85,8.525,2502.025,14.893005952380951,16.1,7.2,2136.3,12.71607142857143,15.825000000000001,6.6000000000000005,1907.05,11.351488095238095,97.0,50.0,15232.0,90.66666666666667,97.0,39.25,13707.25,81.59077380952381,298.0,231.0,45734.0,272.2261904761905,298.0,231.0,44618.5,265.5863095238095,3.5,0.0,139.2,0.8285714285714285,2.95,0.0,166.42499999999998,0.9906249999999999,1.0655505952380953,-0.06175595238095233
2022-09-25 00:00:00+00:00,0.6666666666666666,0.3333333333333333,0.3333333333333333,1.0,0.5,5.8,0.0,21.8,0.12976190476190477,6.400000000000003,0.0,73.64999999999999,0.4383928571428572,911.2,899.7,152146.9,905.6363095238095,913.9250000000001,904.0250000000001,152722.325,909.0614583333333,3572.1,0.0,112063.9,667.0470238095238,3347.975,0.0,94666.8,563.4928571428571,25.2,8.7,2676.5,15.931547619047619,25.849999999999998,8.399999999999999,2506.175,14.917708333333334,18.6,7.7,2209.7,13.15297619047619,16.525,6.6,1949.8500000000001,11.60625,97.0,51.0,14210.0,84.58333333333333,97.0,41.0,13891.0,82.68452380952381,297.0,231.0,44860.0,267.0238095238095,297.75,231.0,44949.25,267.5550595238095,3.4,0.0,175.9,1.0470238095238096,3.15,0.0,178.725,1.0638392857142855,1.0750744047619047,0.00952380952380949
2022-10-02 00:00:00+00:00,0.6666666666666666,0.3333333333333333,0.3333333333333333,1.0,0.5,8.8,0.0,139.0,0.8273809523809523,6.050000000000003,0.0,71.55,0.4258928571428572,912.0,906.2,152668.4,908.7404761904761,912.95,903.775,152597.92500000002,908.3209821428572,3310.9,0.0,63041.5,375.2470238095238,3330.35,0.0,84731.55,504.3544642857143,22.4,12.6,2666.7,15.873214285714285,25.625,9.799999999999999,2616.2999999999997,15.573214285714286,18.1,12.1,2471.3,14.710119047619049,17.3,8.5,2179.275,12.971875,97.0,66.0,15632.0,93.04761904761905,97.0,49.0,14457.5,86.05654761904762,298.0,231.0,45255.0,269.375,297.75,231.0,44964.25,267.64434523809524,3.3,0.0,145.8,0.8678571428571429,3.3,0.0,162.275,0.9659226190476189,1.041517857142857,-0.033556547619047805
2022-10-09 00:00:00+00:00,0.5833333333333334,0.3195833333333333,0.3333333333333333,1.0,0.5,1.6,0.0,17.2,0.10238095238095238,5.700000000000004,0.0,71.0,0.42261904761904767,909.3,900.0,152112.3,905.430357142857,911.15,902.275,152382.07499999998,907.0361607142856,3615.4,0.0,72450.9,431.2553571428571,3393.7999999999997,0.0,76508.325,455.4066964285714,25.3,14.3,3051.5,18.163690476190474,24.65,10.85,2700.85,16.076488095238094,18.4,13.9,2674.0,15.916666666666666,17.8,10.225,2372.825,14.123958333333333,97.0,53.0,14740.0,87.73809523809524,97.0,55.0,14953.5,89.00892857142857,298.0,231.0,45134.0,268.6547619047619,297.75,231.0,45245.75,269.3199404761905,3.6,0.0,178.5,1.0625,3.4499999999999997,0.0,159.85,0.9514880952380951,0.9297619047619046,-0.11175595238095237
2022-10-16 00:00:00+00:00,0.6666666666666666,0.375,0.375,1.0,0.5,6.0,0.0,13.4,0.07976190476190477,5.550000000000004,0.0,47.849999999999994,0.2848214285714286,913.5,906.9,152897.6,910.104761904762,911.5,903.2,152456.3,907.4779761904762,3746.3,0.0,138898.8,826.7785714285714,3561.175,0.0,96613.775,575.081994047619,30.1,12.5,3318.6,19.753571428571426,25.75,12.025,2928.325,17.43050595238095,19.0,9.3,2531.7,15.069642857142856,18.525,10.750000000000002,2471.675,14.712351190476191,97.0,27.0,12970.0,77.20238095238095,97.0,49.25,14388.0,85.64285714285714,296.0,231.0,44201.0,263.1011904761905,297.25,231.0,44862.5,267.0386904761905,2.8,0.0,167.0,0.9940476190476191,3.2750000000000004,0.0,166.8,0.9928571428571429,1.1260416666666664,0.19627976190476182
2022-10-23 00:00:00+00:00,0.8333333333333334,0.4258333333333333,0.4258333333333333,1.0,0.5,6.6,0.0,34.6,0.20595238095238097,5.7500000000000036,0.0,51.05,0.30386904761904765,911.1,901.9,152329.0,906.7202380952381,911.4749999999999,903.75,152501.825,907.7489583333333,3864.0,0.0,103569.2,616.4833333333333,3634.15,0.0,94490.09999999999,562.4410714285714,24.9,14.4,3232.9,19.24345238095238,25.675,13.450000000000001,3067.4249999999997,18.25848214285714,19.2,11.3,2667.3,15.876785714285715,18.675,11.65,2586.075,15.393303571428572,97.0,56.0,13730.0,81.72619047619048,97.0,50.5,14268.0,84.92857142857143,297.0,231.0,44195.0,263.0654761904762,297.25,231.0,44696.25,266.04910714285717,2.8,0.0,181.0,1.0773809523809523,3.125,0.0,168.07500000000002,1.0004464285714283,1.0813988095238094,-0.044642857142856984
2022-10-30 00:00:00+00:00,0.8333333333333334,0.38875,0.38875,1.0,0.5,9.2,0.0,51.4,0.3059523809523809,5.850000000000003,0.0,29.14999999999999,0.1735119047619048,909.2,900.4,152120.8,905.4809523809523,910.775,902.3,152364.925,906.9340773809523,3830.1,0.0,110322.4,656.6809523809524,3763.95,0.0,106310.325,632.7995535714285,28.3,13.4,3269.8,19.46309523809524,27.15,13.65,3218.2000000000003,19.155952380952378,20.5,12.9,2703.4,16.09166666666667,19.275,11.850000000000001,2644.1,15.738690476190477,97.0,41.0,13852.0,82.45238095238095,97.0,44.25,13823.0,82.27976190476191,297.0,231.0,44123.0,262.63690476190476,297.0,231.0,44413.25,264.36458333333337,2.8,0.0,169.5,1.0089285714285714,3.0,0.0,174.0,1.0357142857142856,1.139880952380952,0.058482142857142705
2022-11-06 00:00:00+00:00,1.0,0.4445833333333333,0.4445833333333333,1.0,0.5,14.0,0.0,378.4,2.2523809523809524,8.950000000000003,0.0,119.44999999999999,0.7110119047619048,912.1,901.0,152538.4,907.9666666666666,911.475,902.55,152471.45,907.5681547619048,3504.8,0.0,70304.4,418.4785714285714,3736.3,0.0,105773.7,629.6053571428571,25.9,8.8,2469.4,14.698809523809524,27.3,12.275,3072.675,18.289732142857144,20.8,8.0,2170.7,12.920833333333333,19.875,10.375,2518.275,14.989732142857143,97.0,59.0,15103.0,89.89880952380952,97.0,45.75,13913.75,82.81994047619048,298.0,231.0,46317.0,275.69642857142856,297.0,231.0,44709.0,266.125,2.8,0.0,164.3,0.9779761904761906,2.8,0.0,170.45,1.0145833333333332,1.1498511904761903,0.009970238095238226
2022-11-13 00:00:00+00:00,1.125,0.45833333333333337,0.45833333333333337,1.0,0.5,5.6,0.0,18.4,0.10952380952380951,8.850000000000003,0.0,120.69999999999999,0.718452380952381,910.0,902.7,152250.7,906.2541666666667,910.6,901.5,152309.725,906.6055059523809,3841.5,0.0,97926.0,582.8928571428571,3760.1,0.0,95530.5,568.6339285714286,25.8,12.4,2947.8,17.54642857142857,26.224999999999998,12.25,2979.9750000000004,17.737946428571426,20.2,11.7,2577.4,15.341666666666667,20.175,10.975,2529.7,15.057738095238095,97.0,56.0,14787.0,88.01785714285714,97.0,53.0,14368.0,85.52380952380952,298.0,231.0,44534.0,265.0833333333333,297.5,231.0,44792.25,266.6205357142857,2.9,0.0,146.2,0.8702380952380951,2.8249999999999997,0.0,165.25,0.9836309523809523,0.9906249999999999,-0.15922619047619047
2022-11-20 00:00:00+00:00,0.7916666666666666,0.38875,0.38875,1.0,0.5,10.8,0.0,36.2,0.2154761904761905,9.900000000000004,0.0,121.1,0.7208333333333334,909.7,902.3,152347.3,906.8291666666667,910.2500000000001,901.5999999999999,152314.3,906.632738095238,3827.9,0.0,121711.8,724.475,3751.075,0.0,100066.15,595.6318452380953,26.2,10.3,2995.5,17.830357142857142,26.55,11.225000000000001,2920.625,17.38467261904762,21.2,6.7,2443.1,14.542261904761904,20.674999999999997,9.825000000000001,2473.65,14.724107142857143,96.0,46.0,13769.0,81.95833333333333,96.75,50.5,14377.75,85.58184523809524,297.0,232.0,45430.0,270.4166666666667,297.5,231.25,45101.0,268.45833333333337,3.0,0.0,167.1,0.9946428571428572,2.875,0.0,161.77499999999998,0.9629464285714284,1.0638392857142855,0.07321428571428568
2022-11-27 00:00:00+00:00,0.75,0.375,0.375,1.0,0.5,30.4,0.0,55.4,0.32976190476190476,15.200000000000003,0.0,122.1,0.7267857142857143,908.4,902.2,151980.4,904.645238095238,910.05,902.0500000000001,152279.2,906.4238095238095,3953.2,0.0,104016.3,619.1446428571429,3781.8500000000004,0.0,98489.625,586.2477678571429,25.2,13.9,3125.4,18.603571428571428,25.775,11.350000000000001,2884.525,17.169791666666665,18.6,13.4,2658.7,15.825595238095238,20.2,9.95,2462.475,14.657589285714286,97.0,54.0,14278.0,84.98809523809524,96.75,53.75,14484.25,86.2157738095238,298.0,231.0,44667.0,265.875,297.75,231.25,45237.0,269.2678571428571,2.6,0.0,147.8,0.8797619047619049,2.8249999999999997,0.0,156.35,0.9306547619047618,0.9659226190476189,-0.09791666666666665
2022-12-04 00:00:00+00:00,0.6041666666666666,0.3404166666666666,0.3404166666666666,1.0,0.5,13.6,0.0,64.0,0.38095238095238093,15.100000000000003,0.0,43.5,0.2589285714285714,907.7,896.7,151564.2,902.1678571428572,908.95,900.9749999999999,152035.65,904.9741071428571,3121.5,0.0,93866.6,558.729761904762,3686.025,0.0,104380.175,621.3105654761905,25.7,16.1,3356.7,19.98035714285714,25.724999999999998,13.175,3106.35,18.490178571428572,20.0,15.0,2862.6,17.039285714285715,20.0,11.7,2635.45,15.687202380952382,97.0,59.0,14055.0,83.66071428571429,96.75,53.75,14222.25,84.65625,293.0,232.0,44455.0,264.61309523809524,296.5,231.5,44771.5,266.4970238095238,3.5,0.0,243.5,1.4494047619047619,3.0,0.0,176.15,1.0485119047619047,0.9514880952380951,-0.014434523809523814
2022-12-11 00:00:00+00:00,0.625,0.3470833333333333,0.3470833333333333,1.0,0.5,26.6,0.0,71.2,0.4238095238095238,20.35,0.0,56.7,0.3375,908.5,900.3,151872.2,904.0011904761906,908.575,900.375,151941.02500000002,904.4108630952381,4026.7,0.0,100785.3,599.9125,3732.325,0.0,105095.0,625.5654761904761,28.9,12.9,3307.0,19.68452380952381,26.5,13.3,3196.1499999999996,19.02470238095238,21.8,10.4,2825.2,16.816666666666666,20.4,11.375,2697.3999999999996,16.05595238095238,97.0,51.0,14165.0,84.31547619047619,96.75,52.5,14066.75,83.73065476190476,296.0,231.0,43934.0,261.51190476190476,296.0,231.5,44621.5,265.6041666666667,3.2,0.0,228.5,1.3601190476190477,3.075,0.0,196.725,1.1709821428571427,0.9928571428571429,0.041369047619047805
2022-12-18 00:00:00+00:00,0.8333333333333334,0.5070833333333333,0.5070833333333333,1.0,0.5,18.2,0.0,132.0,0.7857142857142857,22.200000000000003,0.0,80.65,0.48005952380952377,906.4,897.1,151557.5,902.1279761904761,907.75,899.0749999999999,151743.575,903.2355654761905,3995.3,0.0,87399.4,520.2345238095238,3774.175,0.0,96516.9,574.5053571428572,25.2,10.9,3001.5,17.866071428571427,26.25,13.450000000000003,3197.6499999999996,19.033630952380953,20.5,10.2,2656.6,15.813095238095238,20.225,12.25,2750.7749999999996,16.373660714285716,97.0,56.0,14873.0,88.5297619047619,97.0,55.0,14342.75,85.3735119047619,297.0,231.0,44012.0,261.9761904761905,296.0,231.25,44267.0,263.4940476190476,2.6,0.0,137.8,0.8202380952380953,2.975,0.0,189.39999999999998,1.1273809523809524,1.0004464285714283,0.00758928571428541
2022-12-25 00:00:00+00:00,0.875,0.5208333333333334,0.5208333333333334,1.0,0.5,12.0,0.0,199.0,1.1845238095238095,17.600000000000005,0.0,116.55000000000001,0.69375,908.5,899.0,152039.3,904.9958333333333,907.7750000000001,898.275,151758.3,903.3232142857144,4240.8,0.0,79546.4,473.49047619047616,3846.075,0.0,90399.425,538.0918154761905,24.0,11.7,2857.6,17.00952380952381,25.950000000000003,12.9,3130.7,18.63511904761905,19.3,11.3,2660.6,15.836904761904762,20.4,11.725,2751.25,16.376488095238095,98.0,65.0,15655.0,93.18452380952381,97.25,57.75,14687.0,87.42261904761905,298.0,231.0,45089.0,268.38690476190476,296.0,231.25,44372.5,264.1220238095238,2.1,0.0,124.1,0.7386904761904761,2.85,0.0,183.475,1.092113095238095,1.0357142857142856,0.035267857142857295
2023-01-01 00:00:00+00:00,0.9166666666666666,0.5345833333333333,0.5345833333333333,1.0,0.5,23.6,0.0,129.2,0.769047619047619,20.100000000000005,0.0,132.85000000000002,0.7907738095238095,909.2,903.0,152262.3,906.3232142857142,908.15,899.8499999999999,151932.825,904.3620535714285,3645.7,0.0,83041.2,494.29285714285714,3977.125,0.0,87693.075,521.9825892857143,25.4,16.2,3396.9,20.21964285714286,25.875,12.925,3140.75,18.694940476190474,20.3,13.5,2838.2,16.89404761904762,20.475,11.35,2745.1499999999996,16.340178571428574,97.0,54.0,13789.0,82.07738095238095,97.25,56.5,14620.5,87.02678571428572,298.0,231.0,44182.0,262.98809523809524,297.25,231.0,44304.25,263.71577380952385,4.2,0.0,230.2,1.3702380952380953,3.0250000000000004,0.0,180.15,1.0723214285714286,1.0145833333333332,-0.021130952380952417
2023-01-08 00:00:00+00:00,0.875,0.5208333333333334,0.5208333333333334,1.0,0.5,20.0,0.0,168.4,1.0023809523809524,18.450000000000003,0.0,157.15,0.9354166666666667,909.4,901.0,152061.3,905.1267857142857,908.375,900.025,151980.09999999998,904.6434523809523,3730.4,0.0,76446.8,455.0404761904762,3903.05,0.0,81608.45,485.76458333333335,27.3,14.2,3157.0,18.791666666666668,25.474999999999998,13.25,3103.25,18.47172619047619,19.8,13.5,2808.7,16.718452380952378,19.975,12.125,2741.0249999999996,16.315625,97.0,58.0,14875.0,88.54166666666667,97.25,58.25,14798.0,88.08333333333333,298.0,232.0,45647.0,271.7083333333333,297.75,231.25,44732.5,266.26488095238096,3.2,0.0,195.0,1.1607142857142858,3.0250000000000004,0.0,171.775,1.022470238095238,0.9836309523809523,-0.030952380952380842
2023-01-15 00:00:00+00:00,1.0,0.7291666666666666,0.7291666666666666,1.0,0.5,25.8,0.0,65.8,0.39166666666666666,20.35,0.0,140.6,0.8369047619047618,908.4,902.4,152150.1,905.6553571428572,908.875,901.35,152128.25,905.5252976190476,3929.7,0.0,112981.5,672.5089285714286,3886.6499999999996,0.0,88003.975,523.8331845238095,28.8,17.3,3594.3,21.39464285714286,26.375,14.849999999999998,3251.4500000000003,19.35386904761905,23.2,16.6,3109.6,18.50952380952381,20.650000000000002,13.725,2854.2749999999996,16.989732142857143,97.0,51.0,14239.0,84.75595238095238,97.25,57.0,14639.5,87.13988095238096,298.0,232.0,43343.0,257.9940476190476,298.0,231.5,44565.25,265.26934523809524,2.7,0.0,169.1,1.006547619047619,3.05,0.0,179.59999999999997,1.0690476190476188,0.9629464285714284,-0.020684523809523903
2023-01-22 00:00:00+00:00,1.125,1.0,1.0,1.0,0.5,9.4,0.0,42.6,0.25357142857142856,19.700000000000003,0.0,101.5,0.6041666666666666,909.1,900.6,152089.1,905.292261904762,909.025,901.75,152140.7,905.5994047619048,4043.9,0.0,116600.3,694.0494047619047,3837.425,0.0,97267.45,578.9729166666666,28.1,15.2,3444.1,20.500595238095237,27.4,15.725,3398.075,20.226636904761904,21.2,14.7,2987.7,17.78392857142857,21.125,14.575,2936.05,17.476488095238096,97.0,46.0,14346.0,85.39285714285714,97.0,52.25,14312.25,85.19196428571428,297.0,231.0,43463.0,258.7083333333333,297.75,231.5,44158.75,262.84970238095235,2.9,0.0,141.7,0.8434523809523808,3.25,0.0,184.0,1.0952380952380951,0.9306547619047618,-0.03229166666666661
2023-01-29 00:00:00+00:00,2.25,1.125,1.0625,1.0,0.5,38.0,0.0,110.8,0.6595238095238095,23.300000000000004,0.0,96.9,0.5767857142857142,908.3,900.4,151964.5,904.5505952380952,908.8,901.1,152066.25,905.15625,3990.4,0.0,102024.4,607.2880952380953,3923.6,0.0,102013.25,607.2217261904761,26.8,13.0,3378.9,20.1125,27.75,14.925,3393.5750000000003,20.199851190476192,20.5,12.3,3011.2,17.923809523809524,21.175,14.275,2979.2999999999997,17.73392857142857,97.0,61.0,14760.0,87.85714285714286,97.0,54.0,14555.0,86.63690476190476,297.0,234.0,43593.0,259.48214285714283,297.5,232.25,44011.5,261.9732142857143,2.5,0.0,130.9,0.7791666666666667,2.825,0.0,159.17499999999998,0.947470238095238,1.0485119047619047,0.11785714285714288
2023-02-05 00:00:00+00:00,2.4166666666666665,1.1666666666666667,1.1666666666666667,1.0,0.5,19.4,0.0,23.2,0.1380952380952381,23.150000000000006,0.0,60.599999999999994,0.3607142857142857,907.9,903.5,152131.7,905.5458333333333,908.425,901.725,152083.85,905.2610119047619,3882.9,0.0,119524.7,711.4565476190476,3961.725,0.0,112782.72499999999,671.325744047619,30.7,18.1,3759.2,22.376190476190477,28.6,15.9,3544.125,21.095982142857142,21.4,15.1,3051.6,18.164285714285715,21.575000000000003,14.675,3040.025,18.095386904761906,97.0,43.0,13183.0,78.4702380952381,97.0,50.25,14132.0,84.11904761904762,297.0,231.0,43997.0,261.88690476190476,297.25,232.0,43599.0,259.5178571428571,2.8,0.0,178.9,1.0648809523809524,2.725,0.0,155.14999999999998,0.9235119047619047,1.1709821428571427,0.12247023809523805
2023-02-12 00:00:00+00:00,2.2916666666666665,1.125,1.125,1.0,0.5,22.6,0.0,91.8,0.5464285714285714,22.35,0.0,67.1,0.39940476190476193,907.8,904.0,152178.6,905.825,908.275,902.125,152090.975,905.3034226190476,3923.0,0.0,105414.1,627.464880952381,3960.05,0.0,110890.875,660.0647321428571,27.2,16.9,3441.8,20.486904761904764,28.2,15.799999999999999,3506.0,20.86904761904762,22.2,14.3,3058.0,18.202380952380953,21.325,14.1,3027.125,18.01860119047619,97.0,57.0,14720.0,87.61904761904762,97.0,51.75,14252.25,84.83482142857143,296.0,233.0,43867.0,261.11309523809524,296.75,232.25,43730.0,260.29761904761904,2.3,0.0,119.3,0.7101190476190476,2.6249999999999996,0.0,142.7,0.8494047619047618,1.1273809523809524,-0.04360119047619038
2023-02-19 00:00:00+00:00,1.3,0.96125,0.96125,1.0,0.5,21.0,0.0,143.2,0.8523809523809524,25.250000000000004,0.0,92.25,0.5491071428571429,908.9,899.7,151895.2,904.1380952380953,908.2249999999999,901.9000000000001,152042.5,905.014880952381,3886.7,0.0,107788.4,641.597619047619,3920.75,0.0,108687.9,646.9517857142857,29.1,17.2,3580.4,21.311904761904763,28.45,16.3,3540.0750000000003,21.071875000000002,22.0,15.7,3088.1,18.38154761904762,21.525,14.350000000000001,3052.225,18.168005952380952,97.0,47.0,14211.0,84.58928571428571,97.0,52.0,14218.5,84.63392857142858,299.0,235.0,43761.0,260.48214285714283,297.25,233.25,43804.5,260.74107142857144,3.3,0.0,171.6,1.0214285714285714,2.725,0.0,150.175,0.8938988095238094,1.092113095238095,-0.035267857142857295
2023-02-26 00:00:00+00:00,0.8316666666666667,0.8612500000000001,0.8612500000000001,1.0,0.5,7.6,0.0,17.6,0.10476190476190476,17.650000000000002,0.0,68.95,0.41041666666666665,910.2,904.4,152465.1,907.5303571428572,908.6999999999999,902.9,152167.65000000002,905.7598214285714,3893.7,0.0,148375.2,883.1857142857143,3896.575,0.0,120275.6,715.9261904761905,28.9,17.2,3671.8,21.85595238095238,28.975,17.35,3613.3,21.507738095238096,21.3,15.6,3045.1,18.125595238095237,21.725,15.175,3060.7,18.21845238095238,97.0,50.0,13538.0,80.58333333333333,97.0,49.25,13913.0,82.81547619047619,304.0,236.0,46126.0,274.5595238095238,299.0,233.75,44437.75,264.51041666666663,2.5,0.0,145.6,0.8666666666666666,2.725,0.0,153.85,0.9157738095238094,1.0723214285714286,-0.01979166666666643
2023-03-05 00:00:00+00:00,0.7916666666666666,0.6945833333333334,0.6945833333333334,1.0,0.5,22.2,0.0,31.2,0.18571428571428572,18.35,0.0,70.95,0.42232142857142857,911.4,903.0,152477.7,907.6053571428572,909.575,902.775,152254.15000000002,906.2747023809525,3764.3,0.0,141745.4,843.722619047619,3866.925,0.0,125830.775,748.9927083333333,28.3,16.9,3664.3,21.811309523809523,28.375,17.049999999999997,3589.5750000000003,21.36651785714286,22.4,15.4,3114.3,18.5375,21.974999999999998,15.25,3076.375,18.311755952380953,97.0,49.0,13922.0,82.86904761904762,97.0,50.75,14097.75,83.91517857142857,271.0,234.0,40033.0,238.29166666666666,292.5,234.5,43446.75,258.6116071428571,2.7,0.0,128.3,0.7636904761904763,2.6999999999999997,0.0,141.2,0.8404761904761904,1.022470238095238,-0.04985119047619069
2023-03-12 00:00:00+00:00,0.85,0.7083333333333334,0.7083333333333334,1.0,0.5,12.8,0.0,41.0,0.24404761904761904,15.900000000000002,0.0,58.25,0.34672619047619047,908.9,902.8,152286.2,906.4654761904762,909.8499999999999,902.475,152281.05000000002,906.4348214285715,3733.2,0.0,124388.7,740.4089285714285,3819.475,0.0,130574.425,777.2287202380952,27.9,17.0,3607.2,21.47142857142857,28.549999999999997,17.075,3630.925,21.612648809523808,21.9,14.0,3014.5,17.94345238095238,21.9,15.175,3065.5,18.24702380952381,97.0,48.0,13691.0,81.49404761904762,97.0,48.5,13840.5,82.38392857142857,304.0,234.0,42017.0,250.10119047619048,294.5,234.75,42984.25,255.85863095238096,2.5,0.0,141.3,0.8410714285714287,2.75,0.0,146.7,0.8732142857142856,1.0690476190476188,0.04657738095238084
2023-03-19 00:00:00+00:00,0.75,0.5750000000000001,0.5750000000000001,1.0,0.5,8.2,0.0,29.8,0.1773809523809524,12.700000000000003,0.0,29.9,0.17797619047619048,909.3,906.5,152527.1,907.8994047619047,909.95,904.175,152439.025,907.3751488095238,3725.3,0.0,137125.1,816.2208333333334,3779.125,0.0,137908.6,820.8845238095238,25.3,13.9,3265.0,19.43452380952381,27.6,16.25,3552.075,21.14330357142857,20.6,13.1,2856.0,17.0,21.55,14.524999999999999,3007.475,17.901636904761904,97.0,54.0,14565.0,86.69642857142857,97.0,50.25,13929.0,82.91071428571428,304.0,231.0,42378.0,252.25,295.75,233.75,42638.5,253.80059523809524,2.3,0.0,101.1,0.6017857142857143,2.5,0.0,129.075,0.7683035714285713,1.0952380952380951,0.02619047619047632
2023-03-26 00:00:00+00:00,1.0416666666666667,0.6154166666666666,0.6145833333333334,1.0,0.5,21.2,0.0,38.4,0.22857142857142856,16.1,0.0,35.1,0.20892857142857144,911.2,905.1,152572.3,908.1684523809523,910.2,904.35,152465.825,907.5346726190477,3571.6,0.0,131571.9,783.1660714285714,3698.6,0.0,133707.775,795.879613095238,28.3,14.1,3426.1,20.39345238095238,27.45,15.475,3490.65,20.77767857142857,21.2,13.0,2939.4,17.496428571428574,21.525000000000002,13.875,2981.0499999999997,17.74434523809524,97.0,51.0,14214.0,84.60714285714286,97.0,50.5,14098.0,83.91666666666667,304.0,231.0,44135.0,262.7083333333333,295.75,232.5,42140.75,250.8377976190476,2.3,0.0,104.2,0.6202380952380953,2.4499999999999997,0.0,118.725,0.7066964285714284,0.947470238095238,-0.14776785714285712
2023-04-02 00:00:00+00:00,1.0416666666666667,0.79625,0.79625,1.0,0.5,10.4,0.0,76.4,0.4547619047619048,13.150000000000004,0.0,46.400000000000006,0.2761904761904762,909.6,903.2,152391.0,907.0892857142857,909.75,904.4000000000001,152444.15,907.4056547619048,3333.9,0.0,97031.6,577.5690476190476,3591.0,0.0,122529.325,729.3412202380953,27.5,15.5,3311.4,19.710714285714285,27.25,15.125,3402.425,20.25252976190476,20.5,12.8,2912.8,17.33809523809524,21.05,13.225,2930.675,17.444494047619045,97.0,47.0,14631.0,87.08928571428571,97.0,50.0,14275.25,84.97172619047619,304.0,231.0,42933.0,255.55357142857142,304.0,231.75,42865.75,255.1532738095238,2.5,0.0,118.4,0.7047619047619048,2.4,0.0,116.25000000000001,0.6919642857142856,0.9235119047619047,-0.023958333333333304
2023-04-09 00:00:00+00:00,1.0416666666666667,0.7916666666666666,0.7916666666666666,1.0,0.5,12.4,0.0,126.6,0.7535714285714286,13.050000000000002,0.0,67.8,0.4035714285714286,909.8,904.4,152365.4,906.9369047619048,909.975,904.8,152463.95,907.5235119047618,3471.8,0.0,85953.1,511.6255952380953,3525.65,0.0,112920.42500000002,672.145386904762,23.9,13.5,3026.7,18.01607142857143,26.25,14.25,3257.2999999999997,19.388690476190476,19.1,12.8,2757.8,16.41547619047619,20.35,12.925,2866.5,17.0625,97.0,64.0,15269.0,90.88690476190476,97.0,54.0,14669.75,87.31994047619048,304.0,231.0,42538.0,253.20238095238096,304.0,231.0,42996.0,255.92857142857142,2.3,0.0,91.0,0.5416666666666666,2.35,0.0,103.67500000000001,0.6171130952380951,0.8494047619047618,-0.07410714285714293
2023-04-16 00:00:00+00:00,1.4166666666666667,0.8779166666666667,0.8779166666666667,1.0,0.5,38.2,0.0,122.4,0.7285714285714286,20.550000000000004,0.0,90.95,0.5413690476190476,911.5,902.3,152329.6,906.7238095238096,910.525,903.75,152414.575,907.2296130952382,3295.8,0.0,102820.9,612.0291666666666,3418.2749999999996,0.0,104344.375,621.0974702380952,26.3,12.9,3086.0,18.36904761904762,26.5,14.0,3212.55,19.12232142857143,20.8,12.3,2710.3,16.132738095238096,20.4,12.725000000000001,2830.0750000000003,16.845684523809524,97.0,60.0,14710.0,87.55952380952381,97.0,55.5,14706.0,87.53571428571429,284.0,236.0,40618.0,241.77380952380952,299.0,232.25,42556.0,253.3095238095238,2.2,0.0,118.8,0.7071428571428571,2.3249999999999997,0.0,108.1,0.6434523809523809,0.8938988095238094,0.04449404761904763
2023-04-23 00:00:00+00:00,1.4166666666666665,0.944375,0.944375,1.0,0.5,22.0,0.0,33.4,0.1988095238095238,20.750000000000004,0.0,89.7,0.5339285714285714,911.7,896.0,152037.2,904.9833333333333,910.65,901.475,152280.8,906.4333333333333,3230.7,0.0,92962.9,553.3505952380953,3333.05,0.0,94692.125,563.6436011904763,24.6,12.5,3031.5,18.044642857142858,25.575,13.6,3113.9,18.535119047619048,19.0,6.2,2546.6,15.158333333333333,19.85,11.025000000000002,2731.875,16.261160714285715,97.0,46.0,14146.0,84.20238095238095,97.0,54.25,14689.0,87.43452380952381,303.0,231.0,42739.0,254.39880952380952,298.75,232.25,42207.0,251.23214285714286,3.6,0.0,162.0,0.9642857142857143,2.6500000000000004,0.0,122.55000000000001,0.7294642857142857,0.9157738095238094,0.021874999999999978
2023-04-30 00:00:00+00:00,1.4333333333333331,1.0333333333333334,1.0333333333333334,1.0,0.5,7.0,0.0,23.2,0.1380952380952381,19.900000000000006,0.0,76.39999999999999,0.45476190476190476,912.5,903.6,152624.9,908.4815476190475,911.375,901.5749999999999,152339.275,906.7813988095238,3088.8,0.0,93101.0,554.172619047619,3271.7749999999996,0.0,93709.475,557.7944940476191,24.2,9.4,2943.7,17.52202380952381,24.75,12.075,3021.9750000000004,17.987946428571426,18.3,8.3,2540.1,15.119642857142857,19.3,9.9,2638.7,15.706547619047619,97.0,49.0,14590.0,86.8452380952381,97.0,54.75,14678.75,87.3735119047619,289.0,236.0,40571.0,241.49404761904762,295.0,233.5,41616.5,247.7172619047619,3.0,0.0,105.7,0.6291666666666667,2.7750000000000004,0.0,119.375,0.710565476190476,0.8404761904761904,-0.075297619047619
2023-05-07 00:00:00+00:00,1.4166666666666667,1.0,1.0,1.0,0.5,0.2,0.0,0.4,0.002380952380952381,16.850000000000005,0.0,44.85,0.2669642857142857,911.9,905.1,152605.2,908.3642857142858,911.9000000000001,901.75,152399.225,907.138244047619,2982.0,0.0,111776.8,665.3380952380952,3149.325,0.0,100165.40000000001,596.222619047619,24.0,12.2,2922.5,17.395833333333332,24.775,11.75,2995.925,17.832886904761907,18.5,11.4,2525.9,15.035119047619048,19.150000000000002,9.55,2580.7250000000004,15.361458333333333,97.0,59.0,14585.0,86.81547619047619,97.0,53.5,14507.75,86.35565476190476,301.0,235.0,40472.0,240.9047619047619,294.25,234.5,41100.0,244.64285714285714,2.4,0.0,80.4,0.4785714285714286,2.8,0.0,116.725,0.6947916666666666,0.8732142857142856,0.03273809523809523
2023-05-14 00:00:00+00:00,1.5,1.1666666666666667,1.1666666666666667,1.0,0.5,2.0,0.0,10.6,0.0630952380952381,7.800000000000003,0.0,16.9,0.1005952380952381,911.5,904.2,152533.4,907.9369047619048,911.9000000000001,902.225,152450.17500000002,907.4415178571428,2807.1,0.0,66544.4,396.097619047619,3027.15,0.0,91096.275,542.2397321428571,24.4,12.1,2706.9,16.1125,24.299999999999997,11.55,2901.15,17.26875,18.5,10.9,2404.3,14.311309523809525,18.575,9.2,2504.225,14.90610119047619,97.0,57.0,15091.0,89.82738095238095,97.0,52.75,14603.0,86.92261904761905,281.0,235.0,39927.0,237.66071428571428,293.5,234.25,40927.25,243.61458333333331,2.2,0.0,77.0,0.4583333333333333,2.8000000000000003,0.0,106.275,0.6325892857142856,0.7683035714285713,-0.1049107142857143
2023-05-21 00:00:00+00:00,1.5,1.25,1.25,1.0,0.5,3.6,0.0,10.0,0.05952380952380952,3.2000000000000037,0.0,11.05,0.06577380952380953,912.0,907.3,152790.3,909.4660714285714,911.9749999999999,905.05,152638.44999999998,908.5622023809524,2809.5,0.0,95450.8,568.1595238095239,2921.85,0.0,91718.25,545.9419642857143,21.4,7.2,2361.2,14.054761904761904,23.5,10.225,2733.575,16.27127976190476,15.3,6.2,1842.8,10.969047619047618,17.65,9.200000000000001,2328.275,13.858779761904763,97.0,47.0,13987.0,83.25595238095238,97.0,53.0,14563.25,86.6860119047619,282.0,233.0,40437.0,240.69642857142858,288.25,234.75,40351.75,240.18898809523807,2.5,0.0,112.3,0.6684523809523809,2.525,0.0,93.85000000000001,0.5586309523809523,0.7066964285714284,-0.06160714285714286
2023-05-28 00:00:00+00:00,1.5558333333333334,1.305416666666667,1.305416666666667,1.0,0.5,0.0,0.0,0.0,0.0,1.4500000000000035,0.0,5.25,0.03125,913.5,906.2,152997.5,910.6994047619048,912.2249999999999,905.7,152731.6,909.1166666666666,2748.4,0.0,93667.7,557.5458333333333,2836.75,0.0,91859.92499999999,546.7852678571428,23.2,11.0,2806.7,16.70654761904762,23.25,10.625,2699.325,16.067410714285714,15.6,9.8,2082.4,12.395238095238096,16.975,9.575,2213.85,13.177678571428572,95.0,48.0,12937.0,77.00595238095238,96.5,52.75,14150.0,84.22619047619048,284.0,231.0,40367.0,240.2797619047619,287.0,233.5,40300.75,239.88541666666666,2.4,0.0,134.3,0.799404761904762,2.375,0.0,101.0,0.601190476190476,0.6919642857142856,-0.01473214285714286
2023-06-04 00:00:00+00:00,1.5,1.23625,1.23625,1.0,0.5,13.6,0.0,117.4,0.6988095238095239,4.800000000000003,0.0,34.5,0.20535714285714288,914.2,906.6,152960.5,910.4791666666666,912.8000000000001,906.075,152820.425,909.645386904762,2649.1,0.0,64481.7,383.81964285714287,2753.5249999999996,0.0,80036.15,476.40565476190477,21.4,8.6,2499.4,14.877380952380953,22.599999999999998,9.725,2593.55,15.43779761904762,15.1,7.6,2190.3,13.037500000000001,16.125,8.625,2129.95,12.67827380952381,97.0,56.0,15008.0,89.33333333333333,96.5,52.0,14255.75,84.85565476190476,303.0,231.0,42332.0,251.97619047619048,287.5,232.5,40765.75,242.6532738095238,2.4,0.0,119.8,0.7130952380952381,2.375,0.0,110.85000000000001,0.6598214285714284,0.6171130952380951,-0.07485119047619049
2023-06-11 00:00:00+00:00,1.25,1.2291666666666667,1.2291666666666667,1.0,0.5,0.2,0.0,0.2,0.0011904761904761906,4.350000000000003,0.0,31.900000000000002,0.1898809523809524,913.4,907.1,152967.5,910.5208333333334,913.275,906.8,152928.94999999998,910.2913690476191,2603.7,0.0,105435.5,627.5922619047619,2702.675,0.0,89758.925,534.2793154761905,24.1,8.4,2463.5,14.663690476190476,22.525000000000002,8.8,2532.7,15.075595238095238,14.6,7.3,1836.3,10.930357142857142,15.15,7.725,1987.95,11.833035714285714,96.0,41.0,13457.0,80.10119047619048,96.25,48.0,13847.25,82.42410714285714,291.0,231.0,40243.0,239.54166666666666,290.0,231.5,40844.75,243.12351190476193,2.4,0.0,113.3,0.6744047619047618,2.425,0.0,119.92500000000001,0.7138392857142856,0.6434523809523809,0.026339285714285787
2023-06-18 00:00:00+00:00,1.2775,1.2291666666666667,1.2291666666666667,1.0,0.5,1.6,0.0,6.4,0.0380952380952381,3.8500000000000036,0.0,30.999999999999996,0.18452380952380953,912.5,907.5,152834.4,909.7285714285714,913.4000000000001,906.85,152939.975,910.3569940476191,2549.9,0.0,58647.5,349.0922619047619,2637.775,0.0,80558.1,479.51250000000005,23.3,11.2,2775.4,16.520238095238096,23.0,9.8,2636.25,15.691964285714286,16.4,10.4,2337.3,13.912500000000001,15.424999999999999,8.775,2111.575,12.56889880952381,97.0,55.0,14351.0,85.42261904761905,96.25,50.0,13938.25,82.96577380952381,302.0,231.0,42150.0,250.89285714285714,295.0,231.0,41273.0,245.67261904761904,2.6,0.0,113.1,0.6732142857142857,2.45,0.0,120.125,0.7150297619047619,0.7294642857142857,0.08601190476190479
2023-06-25 00:00:00+00:00,1.2775,1.1529166666666668,1.1529166666666668,1.0,0.5,0.8,0.0,1.6,0.009523809523809525,4.050000000000003,0.0,31.400000000000002,0.18690476190476193,915.2,907.5,153112.6,911.3845238095239,913.825,907.175,152968.75,910.5282738095239,2607.9,0.0,95540.5,568.6934523809524,2602.65,0.0,81026.3,482.2994047619047,22.0,7.2,2383.0,14.18452380952381,22.7,8.85,2530.3250000000003,15.061458333333334,13.0,6.2,1670.0,9.94047619047619,14.774999999999999,7.875,2008.4750000000001,11.955208333333333,97.0,50.0,12968.0,77.19047619047619,96.75,50.5,13946.0,83.01190476190476,302.0,231.0,40330.0,240.0595238095238,299.5,231.0,41263.75,245.61755952380952,2.6,0.0,152.7,0.9089285714285713,2.5,0.0,124.725,0.7424107142857141,0.710565476190476,-0.018898809523809623
2023-07-02 00:00:00+00:00,1.1666666666666667,1.0833333333333333,1.0833333333333333,1.0,0.5,8.6,0.0,21.6,0.1285714285714286,2.8000000000000034,0.0,7.45,0.044345238095238104,914.8,907.8,153074.4,911.1571428571428,913.975,907.475,152997.225,910.6977678571428,2567.2,0.0,88062.6,524.1821428571429,2582.1749999999997,0.0,86921.525,517.3900297619048,23.7,10.2,2617.6,15.58095238095238,23.275000000000002,9.25,2559.875,15.237351190476192,14.8,5.6,2033.1,12.101785714285715,14.7,7.375,1969.1750000000002,11.721279761904762,97.0,36.0,13689.0,81.48214285714286,96.75,45.5,13616.25,81.04910714285714,294.0,231.0,40904.0,243.47619047619048,297.25,231.0,40906.75,243.49255952380952,2.8,0.0,120.4,0.7166666666666667,2.5999999999999996,0.0,124.875,0.7433035714285713,0.6947916666666666,-0.015773809523809468
2023-07-09 00:00:00+00:00,0.9058333333333332,0.7666666666666666,0.9054166666666666,1.0,0.5,8.2,0.0,28.8,0.17142857142857143,4.800000000000003,0.0,14.600000000000001,0.08690476190476192,914.2,904.9,152877.1,909.9827380952381,914.175,906.925,152974.625,910.563244047619,2611.8,0.0,78525.8,467.4154761904762,2584.2000000000003,0.0,80194.1,477.34583333333336,21.6,6.3,2198.6,13.086904761904762,22.65,8.725,2493.65,14.843154761904763,14.7,5.9,1555.1,9.256547619047618,14.725,7.025,1898.875,11.302827380952381,97.0,42.0,13322.0,79.29761904761905,97.0,45.75,13582.5,80.84821428571429,291.0,232.0,40206.0,239.32142857142858,297.25,231.25,40897.5,243.4375,2.5,0.0,141.9,0.8446428571428571,2.625,0.0,132.025,0.785863095238095,0.6325892857142856,-0.06220238095238095
2023-07-16 00:00:00+00:00,0.9625,0.8166666666666668,0.8610416666666667,1.0,0.5,3.2,0.0,12.4,0.07380952380952381,5.200000000000003,0.0,16.1,0.09583333333333334,912.0,899.1,152373.65,906.9860119047619,914.05,904.825,152859.4375,909.8776041666666,2658.4,0.0,68620.7,408.4565476190476,2611.325,0.0,82687.4,492.18690476190477,26.2,7.7,2808.7,16.718452380952378,23.375,7.85,2501.975,14.892708333333333,16.5,6.1,2064.7,12.289880952380951,14.75,5.95,1830.725,10.89717261904762,97.0,36.0,13019.0,77.49404761904762,97.0,41.0,13249.5,78.86607142857143,355.0,2.0,34969.0,208.14880952380952,310.5,174.0,39102.25,232.75148809523807,3.1,0.0,204.0,1.2142857142857142,2.75,0.0,154.75,0.9211309523809523,0.5586309523809523,-0.07395833333333335
2023-07-23 00:00:00+00:00,0.9625,0.8166666666666668,0.8166666666666668,1.0,0.5,6.2,0.0,41.8,0.24880952380952379,6.5500000000000025,0.0,26.15,0.1556547619047619,920.2,908.5,153653.5,914.6041666666666,915.3000000000001,905.075,152994.6625,910.6825148809523,2712.4,0.0,76017.1,452.4827380952381,2637.4500000000003,0.0,77806.55,463.1342261904763,24.6,11.9,2606.8,15.516666666666667,24.025,9.025,2557.925,15.225744047619047,17.4,8.6,2186.4,13.014285714285714,15.85,6.55,1959.8249999999998,11.665625,97.0,54.0,14456.0,86.04761904761905,97.0,42.0,13621.5,81.08035714285714,359.0,2.0,31980.0,190.35714285714286,324.75,116.75,37014.75,220.32589285714286,2.2,0.2,162.9,0.9696428571428571,2.65,0.05,157.3,0.9363095238095237,0.601190476190476,0.04255952380952377
2023-07-30 00:00:00+00:00,0.8166666666666668,0.775,0.8166666666666668,1.0,0.5,10.2,0.0,54.4,0.3238095238095238,6.950000000000003,0.0,34.35,0.2044642857142857,915.9,909.3,153228.1,912.0720238095239,915.575,905.4499999999999,153033.0875,910.9112351190477,2734.7,0.0,81935.0,487.7083333333333,2679.325,0.0,76274.65,454.01577380952386,23.7,10.9,2678.3,15.942261904761907,24.025,9.2,2573.1,15.316071428571428,16.8,8.7,2137.9,12.725595238095238,16.349999999999998,7.324999999999999,1986.0249999999999,11.82157738095238,97.0,43.0,13894.0,82.70238095238095,97.0,43.75,13672.75,81.38541666666667,352.0,1.0,31639.0,188.32738095238096,339.25,59.25,34698.5,206.53869047619048,2.4,0.2,165.8,0.986904761904762,2.55,0.1,168.65,1.0038690476190475,0.6598214285714284,0.058630952380952395
2023-08-06 00:00:00+00:00,0.7666666666666666,0.75,0.75,1.0,0.5,0.2,0.0,0.4,0.002380952380952381,4.950000000000004,0.0,27.25,0.16220238095238093,914.7,908.7,153147.6,911.5928571428572,915.7,906.4,153100.71250000002,911.3137648809524,2909.3,0.0,123290.2,733.870238095238,2753.7000000000003,0.0,87465.75,520.6294642857142,25.4,8.4,2570.1,15.298214285714286,24.975,9.725,2665.975,15.86889880952381,14.8,7.4,1936.5,11.526785714285714,16.375,7.699999999999999,2081.375,12.389136904761905,96.0,43.0,13480.0,80.23809523809524,96.75,44.0,13712.25,81.62053571428572,357.0,12.0,31313.0,186.38690476190476,355.75,4.25,32475.25,193.30505952380952,2.4,0.2,160.8,0.9571428571428572,2.525,0.15000000000000002,173.37500000000003,1.0319940476190474,0.7138392857142856,0.05401785714285712
2023-08-13 00:00:00+00:00,0.9,0.7916666666666666,0.7916666666666666,1.0,0.5,5.2,0.0,35.2,0.20952380952380953,5.450000000000004,0.0,32.95,0.19613095238095238,915.3,907.5,153072.8,911.147619047619,916.5250000000001,908.5,153275.5,912.3541666666667,2808.3,0.0,81990.1,488.03630952380956,2791.175,0.0,90808.1,540.5244047619047,26.8,13.1,2876.1,17.119642857142857,25.125,11.075,2682.8250000000003,15.96919642857143,16.7,5.8,2243.8,13.355952380952383,16.425,7.624999999999999,2126.15,12.655654761904762,97.0,27.0,13503.0,80.375,96.75,41.75,13833.25,82.34077380952381,353.0,1.0,30137.0,179.38690476190476,355.25,4.0,31267.25,186.11458333333334,2.9,0.2,187.95,1.11875,2.475,0.2,169.3625,1.008110119047619,0.7150297619047619,0.0011904761904762973
2023-08-20 00:00:00+00:00,0.7775,0.4375,0.4375,1.0,0.5,11.4,0.0,17.400000000000002,0.10357142857142858,6.7500000000000036,0.0,26.849999999999998,0.1598214285714286,913.7,901.4,152622.0,908.4642857142857,914.9,906.7249999999999,153017.625,910.8191964285713,2865.2,0.0,89464.7,532.5279761904761,2829.375,0.0,94170.0,560.5357142857142,26.9,14.1,2968.8,17.67142857142857,25.700000000000003,11.625,2773.325,16.507886904761904,16.8,11.6,2369.9,14.10654761904762,16.275,8.375,2172.025,12.928720238095238,97.0,41.0,13658.0,81.29761904761905,96.75,38.5,13633.75,81.15327380952381,326.0,42.0,47324.827906976745,281.69540420819493,347.0,14.0,35103.456976744186,208.94914867109637,1.253953488372093,0.1,132.8544186046512,0.7908001107419713,2.2384883720930233,0.17500000000000002,161.8511046511628,0.9633994324473975,0.7424107142857141,0.027380952380952284
2023-08-27 00:00:00+00:00,0.75,0.4083333333333334,0.4083333333333334,1.0,0.5,6.0,0.0,78.0,0.4642857142857143,5.700000000000004,0.0,32.75,0.1949404761904762,910.2,900.9,151983.2,904.6619047619048,913.4749999999999,904.625,152706.40000000002,908.9666666666667,2954.4,0.0,87971.8,523.6416666666667,2884.3,0.0,95679.20000000001,569.5190476190476,28.9,11.4,2970.0,17.678571428571427,27.0,11.75,2846.25,16.941964285714285,18.6,8.9,2259.9,13.451785714285714,16.725,8.425,2202.525,13.110267857142857,98.0,29.0,13390.0,79.70238095238095,97.0,35.0,13507.75,80.40327380952381,354.0,20.0,37290.672093023255,221.96828626799555,347.5,18.75,36516.375,217.359375,1.8,0.2,185.69558139534885,1.1053308416389813,2.0884883720930234,0.17500000000000002,166.825,0.9930059523809522,0.7433035714285713,0.0008928571428571397
2023-09-03 00:00:00+00:00,0.5750000000000001,0.375,0.375,1.0,0.5,6.0,0.0,29.0,0.17261904761904762,7.150000000000004,0.0,39.9,0.2375,911.8,905.4,152747.2,909.2095238095238,912.75,903.8,152606.3,908.3708333333333,3094.6,0.0,84171.2,501.0190476190476,2930.625,0.0,85899.45000000001,511.30625,27.5,10.7,2731.3,16.257738095238096,27.525,12.325,2886.55,17.18184523809524,18.0,10.3,2326.8,13.850000000000001,17.525,9.15,2300.1000000000004,13.691071428571428,97.0,45.0,14590.0,86.8452380952381,97.25,35.5,13785.25,82.05505952380952,350.0,1.0,22310.67142857143,132.8016156462585,345.75,16.0,34265.79285714286,203.96305272108845,4.3,0.2,419.6542857142857,2.4979421768707484,2.563488372093023,0.175,231.53857142857146,1.378205782312925,0.785863095238095,0.04255952380952377
2023-09-10 00:00:00+00:00,0.5333333333333333,0.3541666666666667,0.3541666666666667,1.0,0.5,9.0,0.0,66.4,0.3952380952380953,8.100000000000003,0.0,47.7,0.2839285714285714,915.5,905.8,152991.3,910.6624999999999,912.8,903.375,152585.925,908.2495535714285,3308.9,0.0,109611.5,652.4494047619048,3055.775,0.0,92804.79999999999,552.4095238095238,27.1,13.4,3076.0,18.30952380952381,27.6,12.4,2936.525,17.479315476190475,20.3,11.0,2470.8,14.707142857142859,18.425,10.450000000000001,2356.8500000000004,14.028869047619049,97.0,46.0,13632.0,81.14285714285714,97.25,40.25,13817.5,82.24702380952381,133.08163265306123,89.45714285714286,18693.257142857143,111.26938775510204,290.7704081632653,38.114285714285714,31404.857142857145,186.93367346938777,3.8114285714285714,2.516326530612245,531.5314285714286,3.1638775510204082,2.791345514950166,0.7540816326530613,317.43392857142857,1.8894876700680272,0.9211309523809523,0.13526785714285727
2023-09-17 00:00:00+00:00,0.5333333333333333,0.3333333333333333,0.3333333333333333,1.0,0.5,9.4,0.0,45.6,0.27142857142857146,7.600000000000003,0.0,54.75,0.32589285714285715,911.7,903.3,152623.9,908.4755952380953,912.3,903.85,152586.4,908.2523809523809,3631.7,0.0,130260.7,775.3613095238095,3247.3999999999996,0.0,103003.8,613.1178571428571,28.2,11.7,3221.9,19.17797619047619,27.924999999999997,11.8,2999.8,17.85595238095238,18.6,6.7,2258.6,13.444047619047618,18.875,9.225,2329.025,13.863244047619048,97.0,32.0,12178.0,72.48809523809524,97.25,38.0,13447.5,80.04464285714286,285.0,51.0,21485.270058708415,127.88851225421675,280.5204081632653,40.364285714285714,24944.96768079006,148.4819504808932,2.5085714285714285,0.3,268.56223091976517,1.5985847078557451,3.1049999999999995,0.8040816326530612,351.3608816502071,2.0914338193464705,0.9363095238095237,0.015178571428571375
2023-09-24 00:00:00+00:00,0.625,0.4083333333333334,0.4083333333333334,1.0,0.5,0.0,0.0,0.0,0.0,6.100000000000003,0.0,35.25,0.2098214285714286,911.0,902.0,152410.3,907.2041666666667,912.5,904.125,152693.175,908.8879464285714,3563.0,0.0,155387.6,924.9261904761905,3399.55,0.0,119857.75,713.4389880952381,32.2,12.3,3374.6,20.086904761904762,28.75,12.024999999999999,3100.9500000000003,18.458035714285714,20.0,-4.0,2348.2,13.977380952380951,19.225,6.000000000000001,2351.1,13.994642857142857,95.0,12.0,11941.0,71.07738095238095,96.5,33.75,13085.25,77.88839285714286,172.7945205479452,61.96742671009772,14346.69876399982,85.39701645237989,235.2190383002516,50.856142391810145,19208.9743485342,114.3391330269893,1.3,0.6,141.66899290526973,0.8432678149123198,2.98,0.9040816326530613,340.3542345276873,2.0259180626648052,1.0038690476190475,0.06755952380952379
2023-10-01 00:00:00+00:00,0.6666666666666666,0.3666666666666667,0.3666666666666667,1.0,0.5,13.8,0.0,80.8,0.4809523809523809,8.050000000000004,0.0,48.2,0.2869047619047619,911.4,900.0,152143.1,905.6136904761905,912.4,902.775,152542.15,907.9889880952381,3304.2,0.0,73478.3,437.37083333333334,3451.95,0.0,117184.52500000001,697.5269345238095,30.3,12.7,3195.0,19.017857142857142,29.45,12.525,3216.875,19.148065476190474,21.2,11.9,2686.6,15.991666666666665,20.025,6.4,2441.05,14.530059523809523,97.0,44.0,14177.0,84.38690476190476,96.5,33.5,12982.0,77.27380952380952,61.91096634093377,52.48208469055375,9609.016286644952,57.19652551574376,163.19677988548506,63.72666356444858,16033.560563052582,95.4378604943606,0.6664495114006515,0.6120521172638437,107.39413680781759,0.6392508143322475,2.0716123778501627,1.0070946619690222,262.28919730107026,1.56124522203018,1.0319940476190474,0.028124999999999956
2023-10-08 00:00:00+00:00,0.7225,0.3541666666666667,0.3541666666666667,1.0,0.5,17.6,0.0,70.8,0.42142857142857143,10.200000000000005,0.0,49.3,0.29345238095238096,909.0,900.4,151917.8,904.272619047619,910.775,901.4250000000001,152273.775,906.3915178571428,3526.2,0.0,101893.9,606.5113095238095,3506.2749999999996,0.0,115255.125,686.0424107142858,29.6,15.9,3612.9,21.505357142857143,30.075,13.15,3351.1,19.94702380952381,21.6,15.4,3103.6,18.473809523809525,20.35,7.5,2599.25,15.47172619047619,97.0,46.0,14162.0,84.29761904761905,96.5,33.5,13114.5,78.0625,52.42562432138979,42.99674267100977,8015.478827361564,47.71118349619979,143.03277780256718,52.11156351791531,13364.115984178688,79.54830942963505,0.721172638436482,0.6667752442996743,116.58762214983713,0.6939739413680781,1.2990483946021405,0.5447068403908795,158.55324569567242,0.9437693196170974,1.008110119047619,-0.023883928571428514
2023-10-15 00:00:00+00:00,0.885625,0.503125,0.503125,1.0,0.5,9.0,0.0,78.0,0.4642857142857143,10.100000000000005,0.0,57.400000000000006,0.3416666666666667,913.6,901.3,152524.8,907.8857142857142,911.25,900.925,152249.0,906.2440476190475,3777.4,0.0,85900.0,511.3095238095238,3542.7,0.0,104164.95000000001,620.0294642857143,29.4,15.1,3210.5,19.110119047619047,30.375,14.0,3348.25,19.930059523809526,21.3,14.6,2827.0,16.827380952380953,21.025,9.475,2741.35,16.317559523809525,97.0,50.0,14739.0,87.73214285714286,96.5,38.0,13754.75,81.8735119047619,42.94028230184582,33.5114006514658,6421.941368078176,38.22584147665581,82.51784837802865,47.73941368078176,9598.283811521129,57.1326417352448,0.7758957654723128,0.7214983713355049,125.78110749185669,0.7486970684039088,0.8658794788273616,0.6500814332247556,122.85796483869528,0.7312974097541384,0.9633994324473975,-0.04471068660022148
2023-10-22 00:00:00+00:00,1.04875,0.6520833333333333,0.6520833333333333,1.0,0.5,8.8,0.0,85.4,0.5083333333333334,12.300000000000004,0.0,78.75,0.46875,911.6,904.9,152657.4,908.675,911.4,901.65,152310.775,906.6117559523809,3791.1,0.0,76058.8,452.7309523809524,3599.7249999999995,0.0,84332.75,501.9806547619047,27.7,14.2,3003.9,17.880357142857143,29.25,14.475,3255.575,19.37842261904762,20.1,13.8,2699.1,16.066071428571426,21.05,13.925,2829.075,16.83973214285714,97.0,48.0,15115.0,89.9702380952381,97.0,47.0,14548.25,86.59672619047619,33.45494028230185,24.026058631921828,4828.403908794789,28.740499457111838,47.68295331161781,38.25407166123779,7218.710097719871,42.9685124864278,0.8306188925081434,0.7762214983713356,134.97459283387622,0.8034201954397394,0.7485342019543975,0.6941368078175896,121.18436482084691,0.7213355048859932,0.9930059523809522,0.029606519933554787
2023-10-29 00:00:00+00:00,1.211875,0.8010416666666667,0.8010416666666667,1.0,0.5,16.2,0.0,53.8,0.3202380952380952,12.900000000000004,0.0,72.0,0.4285714285714286,909.7,899.5,151766.55,903.3723214285714,910.975,901.525,152216.63749999998,906.0514136904761,3813.8,0.0,89767.6,534.3309523809525,3727.125,0.0,88405.07500000001,526.2206845238095,29.9,15.3,3403.2,20.257142857142856,29.15,15.125,3307.625,19.688244047619047,21.2,14.1,2967.4,17.663095238095238,21.05,14.474999999999998,2899.275,17.257589285714285,97.0,46.0,14464.0,86.0952380952381,97.0,47.5,14620.0,87.02380952380952,23.969598262757877,14.54071661237785,3234.866449511401,19.255157437567863,38.19761129207383,28.768729641693813,5625.172638436483,33.48317046688383,0.885342019543974,0.8309446254071662,144.16807817589577,0.8581433224755701,0.8032573289902281,0.7488599348534203,130.37785016286645,0.7760586319218239,1.378205782312925,0.38519982993197277
2023-11-05 00:00:00+00:00,1.375,0.95,0.95,1.0,0.5,70.8,0.0,228.79999999999998,1.3619047619047617,26.200000000000003,0.0,111.5,0.6636904761904762,908.2,898.9,151778.5,903.4434523809524,910.7750000000001,901.15,152181.8125,905.8441220238095,3724.1,0.0,80566.3,479.56130952380954,3776.6,0.0,83073.175,494.48318452380954,28.5,14.2,3263.3,19.424404761904764,28.875,14.7,3220.225,19.168005952380952,22.9,13.3,3001.8,17.867857142857144,21.375,13.95,2873.825,17.10610119047619,98.0,60.0,15322.0,91.20238095238095,97.25,51.0,14910.0,88.75,310.0,12.0,18892.002148451036,112.45239374077998,102.59120521172639,21.019543973941367,8344.303468708851,49.66847302802887,1.3127659574468085,0.3,162.14135421720147,0.965127108435723,0.9511556587428096,0.6571661237785016,141.76628317970753,0.8438469236887352,1.8894876700680272,0.5112818877551022
2023-11-12 00:00:00+00:00,1.375,0.95,0.95,1.0,0.5,0.2,0.0,0.2,0.0011904761904761906,24.000000000000004,0.0,92.05,0.5479166666666666,911.4,902.6,152415.8,907.2369047619047,910.2249999999999,901.475,152154.5625,905.6819196428571,4085.5,0.0,159267.5,948.0208333333334,3853.625,0.0,101415.05,603.661011904762,32.1,11.4,3248.9,19.338690476190475,29.55,13.774999999999999,3229.825,19.22514880952381,21.8,9.3,2475.25,14.733630952380953,21.5,12.625,2785.8875,16.582663690476192,96.0,34.0,12923.5,76.92559523809524,97.0,47.0,14456.125,86.0483630952381,256.10638297872345,68.13475177304964,16165.36170212766,96.22239108409322,155.88273038094582,29.67538175433733,10780.158552221223,64.16761042988823,1.5,0.6574468085106382,224.14893617021278,1.3342198581560285,1.1321817173747313,0.641153233072285,166.35824034929655,0.9902276211267651,2.0914338193464705,0.20194614927844334
2023-11-19 00:00:00+00:00,2.9791666666666665,1.5104166666666667,1.5104166666666667,1.0,0.5,15.2,0.0,47.8,0.2845238095238095,25.6,0.0,82.65,0.49196428571428563,907.5,900.3,151739.6,903.2119047619047,909.2,900.325,151925.1125,904.3161458333333,3758.6,0.0,138272.4,823.05,3845.5,0.0,116968.45000000001,696.2407738095238,34.4,18.4,4119.8,24.52261904761905,31.225,14.825,3508.8,20.885714285714286,23.7,13.1,3217.9,19.15416666666667,22.4,12.45,2915.5875000000005,17.3546875,97.0,28.0,12658.0,75.3452380952381,97.0,42.0,13841.875,82.3921130952381,321.0,41.0,34646.2486778994,206.22767070178213,227.76899531037031,33.91886709635688,18234.619744497373,108.5394032410558,2.2,0.4,211.3152687246341,1.2578289805037746,1.4745269942476957,0.547097858479451,185.44340932198602,1.1038298173927739,2.0259180626648052,-0.06551575668166532
2023-11-26 00:00:00+00:00,2.375,1.225,1.225,1.0,0.5,20.2,0.0,111.4,0.6630952380952382,26.6,0.0,97.05,0.5776785714285714,911.5,901.4,152299.3,906.5434523809523,909.6500000000001,900.8,152058.3,905.1089285714286,3798.3,0.0,93087.1,554.089880952381,3841.625,0.0,117798.32500000001,701.1805059523809,30.2,13.8,3339.7,19.879166666666666,31.299999999999997,14.45,3492.925,20.79122023809524,22.7,11.5,2917.5,17.366071428571427,22.775000000000002,11.799999999999999,2903.1125,17.280431547619045,97.0,51.0,14562.0,86.67857142857143,97.0,43.25,13866.375,82.53794642857143,356.0,37.0,40474.28323699422,240.91835260115607,310.7765957446809,39.53368794326241,27544.47394136808,163.95520203195287,5.2,0.3,482.62196531791915,2.8727497935590427,2.5531914893617023,0.4143617021276595,270.0568811074919,1.607481435163642,1.56124522203018,-0.4646728406346252
2023-12-03 00:00:00+00:00,1.875,0.75,0.75,1.0,0.5,5.2,0.0,13.0,0.07738095238095238,10.200000000000003,0.0,43.1,0.2565476190476191,910.3,901.6,152103.1,905.3755952380952,910.175,901.4749999999999,152139.45,905.5919642857143,3648.2,0.0,112872.6,671.8607142857143,3822.6499999999996,0.0,125874.9,749.2553571428572,29.0,16.9,3584.7,21.3375,31.424999999999997,15.125,3573.275,21.269494047619048,21.5,14.4,3058.5,18.205357142857142,22.425,12.075,2917.2875000000004,17.364806547619047,97.0,43.0,13967.0,83.13690476190476,96.75,39.0,13527.625,80.52157738095238,355.0,5.0,30910.0,183.98809523809524,322.0265957446809,37.78368794326241,30548.973404255325,181.83912740628165,4.3,0.1,216.9,1.2910714285714286,3.3,0.36436170212765956,283.74654255319155,1.6889675151975685,0.9437693196170974,-0.6174759024130826
2023-12-10 00:00:00+00:00,1.4583333333333333,0.6770833333333334,0.6770833333333334,1.0,0.5,28.2,0.0,117.2,0.6976190476190476,17.200000000000003,0.0,72.35000000000001,0.43065476190476193,910.1,903.5,152269.9,906.3684523809524,909.85,901.7,152102.97499999998,905.3748511904761,3937.3,0.0,109084.7,649.3136904761905,3785.6,0.0,113329.2,674.5785714285714,30.1,14.3,3573.8,21.27261904761905,30.925,15.849999999999998,3654.5,21.75297619047619,23.0,13.6,3174.0,18.892857142857142,22.725,13.149999999999999,3091.9750000000004,18.404613095238098,97.0,46.0,14725.0,87.64880952380952,97.0,42.0,13978.0,83.20238095238095,360.0,2.0,25882.0,154.0595238095238,348.0,21.25,32978.132978723406,196.29841058763932,2.0,0.2,165.1,0.9827380952380952,3.425,0.25,268.98430851063836,1.601097074468085,0.7312974097541384,-0.21247190986295905
2023-12-17 00:00:00+00:00,1.125,0.5625,0.5625,1.0,0.5,28.2,0.0,58.4,0.3476190476190476,20.450000000000003,0.0,75.0,0.4464285714285715,909.8,903.5,152274.95,906.398511904762,910.425,902.5,152236.8125,906.1715029761905,4045.5,0.0,130415.5,776.2827380952381,3857.325,0.0,111364.975,662.886755952381,29.1,14.0,3426.05,20.393154761904764,29.6,14.75,3481.0625,20.72061011904762,20.9,10.6,2883.2,17.16190476190476,22.025,12.525,3008.2999999999997,17.90654761904762,97.0,47.0,13993.5,83.29464285714286,97.0,46.75,14311.875,85.18973214285714,356.0,11.0,31412.5,186.97916666666666,356.75,13.75,32169.69580924856,191.48628457886045,2.7,0.2,180.7,1.075595238095238,3.55,0.2,261.3304913294798,1.555538638865951,0.7213355048859932,-0.009961904868145188
2023-12-24 00:00:00+00:00,1.125,0.5625,0.5625,1.0,0.5,7.4,0.0,24.8,0.14761904761904762,17.250000000000004,0.0,53.35,0.3175595238095238,907.3,900.5,151895.4,904.1392857142857,909.3749999999999,902.2750000000001,152135.8375,905.5704613095239,4054.0,0.0,139343.1,829.4232142857143,3921.25,0.0,122928.975,731.7200892857143,28.5,14.3,3513.3,20.9125,29.175,14.875,3524.4624999999996,20.978943452380953,22.3,13.7,3044.6,18.122619047619047,21.924999999999997,13.075,3040.0750000000003,18.095684523809524,97.0,54.0,14259.0,84.875,97.0,47.5,14236.125,84.73883928571429,360.0,6.0,30300.0,180.35714285714286,357.75,6.0,29626.125,176.34598214285717,2.1,0.3,171.3,1.0196428571428573,2.775,0.19999999999999998,183.5,1.0922619047619047,0.7760586319218239,0.05472312703583071
