model,save_path,in_size,out_size,keep_only,RMSE,MAE,RMSE_by_timestep,MAE_by_timestep,loss,val_loss,columns
V0,saved_models/model_V0.70,8,8,None,0.4043971590647281,0.2941749399580577,"0.32270856072822157,0.36201867998996845,0.41204411709406275,0.40896878919399837,0.4153132924431896,0.4360448814930349,0.433108572022887,0.43111370723442854","0.23703412493547205,0.26130170738629405,0.29626413380074595,0.29490603824704226,0.3017164031430451,0.3188904840408931,0.3209450626901562,0.3223415654208134","0.1108851209282875,0.09951255470514297,0.08975549042224884,0.08091921359300613,0.07140809297561646,0.06263111531734467,0.05485018715262413,0.04726869985461235,0.040341466665267944,0.03447544202208519,0.03089471533894539,0.0279495008289814,0.027114596217870712,0.02755563333630562,0.02876032516360283,0.028724441304802895,0.029522394761443138","0.7645535469055176,0.7219335436820984,0.6796563267707825,0.6370227932929993,0.5933330059051514,0.5481985211372375,0.5018770098686218,0.45513924956321716,0.40934333205223083,0.3661123216152191,0.3274156451225281,0.29511043429374695,0.2707168161869049,0.254512220621109,0.24600255489349365,0.2439715713262558,0.2475251704454422","Alface Crespa - Roça,TEMPERATURA DO PONTO DE ORVALHO (°C)"
